arm,solver,theory,tier1_asymptotic,tier2_asymptotic,tier1_matched,tier2_matched,tier3_network,tier3_floor_excluded
A,euler,1,1.0116853032182256,1.0119151324359323,0.8713699800495991,1.2690536183467838,0.8418108158393595,0.8418108158393595
A,midpoint,2,2.0280914129986547,2.0305287583477605,2.4025082574147874,1.484897474313408,1.5250399817238012,1.499716357579928
A,rk4,4,3.9379513286009025,3.9971718628819874,3.2970544380942925,2.0929011252810383,1.2102455147117055,1.2102455147117055
B,euler,1,1.0228367214695189,1.0228795723076909,1.0727235770138115,1.1910166710266965,0.7455544457299194,0.7455544457299194
B,midpoint,2,2.056904456026717,2.054677518994473,1.7855357063980442,2.384914276216412,1.6032113279439033,1.6032113279439033
B,rk4,4,3.9211664783231237,3.965001099000963,4.828672780046845,4.522981344329026,2.23097661555327,1.098568855726629
C,dpm1,1,0.9936447857203262,0.9964720333527746,0.9581942723778614,1.3254093190525524,0.8126396337506331,0.8126396337506331
C,dpm2,2,2.0282012530991307,2.017811553988042,2.0995565360988864,2.454574648750058,2.191493784584708,2.2436228469647066
C,dpm3,3,3.0937013927782284,3.084485290664049,3.4924819322028813,4.213998046141733,2.4730779113402,2.9948997568744167
