prediction,verdict,evidence,source
"Tiers 1-2 at moderate kappa: slopes match theory (1,2,3,4) within +-0.15",confirmed,"at the asymptotic settings (t_end=0.2, NFE >= 16-64): worst |measured-theory| = 0.094 over 28 (arm,solver,tier) fits; mean R2 = 0.99994. Under Tier 3's own settings (t_end=1e-3, NFE 9-120) the same exact-score tiers miss by up to 1.91 -- see the review rows.",guide Part 5
Arm A degrades badly as kappa grows; arms B/C do not (the stability headline),narrowed,"Linear Tier 1: h_max identical across kappa in [1,1e4] (largest variation 0.00e+00) -- every stepper is stable at the coarsest grid tried (h=0.4995 in t), so the bisection never engaged; the cancellation h*J(t_end+h) <= ~0.9 near t->0 explains why. Curved Tier 2 (M12.2): arm-A rk4 h_max=0.1998; arm B stable at the coarsest grid for every stepper. So explicit steppers in t DO destabilise, but it is driven by curvature, not by the stiffness knob kappa.",guide Part 5
Euler-lambda and DPM-Solver-1 are both first order but not identical; the gap measures what exact linear treatment buys,confirmed,"slopes 1.02 (euler-lambda) vs 0.99 (dpm1), both order 1; errors at NFE=16 differ by 1.4x (1.29e-01 vs 9.46e-02) -- that ratio IS the value of the exact linear treatment at first order.",guide Part 5
RK4 wins on error per step and loses on error per NFE to DPM-Solver-3,narrowed,"Tier 1 (swept NFE 64-576): rk4 wins per NFE everywhere swept, and per step too | Tier 2 (swept NFE 64-576): rk4 wins per NFE everywhere swept, and per step too | Tier 3 (swept NFE 9-120): dpm3 wins per NFE at NFE 16-120; rk4 wins outside it; rk4 wins per step at 15 macro steps. So the thesis sentence holds only where the base paper claims it -- on a real network at practitioner budgets -- and not on the analytic tiers, whose sweeps deliberately start past each solver's pre-asymptotic region and so sit deep in the regime where rk4's h^4 dominates. State the NFE band, not the bare claim.",guide Part 5
Tier 3 slopes come out lower than theory and flatten early,confirmed,"8 of 9 Tier-3 fits sit more than 0.15 below theory; worst gap -2.79. Tiers 1-2 worst gap was 0.094 at the asymptotic settings, but 1.91 on Tier 2 under Tier 3's own settings (M12.1): most of the gap is the practitioner NFE band, not the network. The network's own share is the rest, e.g. A/rk4 2.09 -> 1.21, B/rk4 4.52 -> 2.23.",guide Part 5
Arm B at low NFE may be worse than arm A (paper Table 1: RK2-lambda 107.81 vs RK2-t 16.40 at 12 NFE),confirmed,arm B worse at the coarsest shared budget in: tier1/euler at NFE=16 (1.29e-01 vs 1.15e-01); tier1/midpoint at NFE=32 (4.03e-03 vs 1.15e-03); tier1/rk4 at NFE=64 (6.34e-06 vs 3.18e-06); tier2/euler at NFE=16 (8.05e-02 vs 7.14e-02); tier2/midpoint at NFE=32 (2.51e-03 vs 8.86e-04); tier3/euler at NFE=10 (9.98e+01 vs 7.91e+01); tier3/midpoint at NFE=10 (8.32e+01 vs 4.31e+01),guide Part 5
"Tiers 1-2 run under Tier 3's own settings (t_end=1e-3, NFE 9-120) also fall well short of theory: most of Tier 3's 'order collapse' is pre-asymptotic, not caused by the network",confirmed,"worst |slope-theory|: Tier 2 asymptotic 0.084; Tier 2 matched 1.91; Tier 3 network 2.79. The exact-score tier already shows 68% of the network's worst gap. Assumption B.1 (derivatives exist and are continuous) is also satisfied by this SiLU UNet, so 'the network violates B.1' is not the explanation.",review 2026-09-24
"On the curved Tier 2, explicit RK in t destabilises at coarse grids; the lambda form does not",confirmed,arm A: rk4 h_max=0.1998 (5 steps); arm B: 0 of 5 steppers limited. Local Jacobian at t=1e-3 is ~1000x larger on Tier 2 than Tier 1 (notebooks/12_controls.ipynb section 12.2).,review 2026-09-24
"Once runs reach t_end=1e-3, the lambda-reparameterisation pays off for RK4 on every tier, not only on the real network",confirmed,"RK4, error of arm A / arm B at the largest shared NFE: Tier 1 48.4x (NFE 120); Tier 2 8.55e+03x (NFE 120); Tier 3 10.6x (NFE 120). At the asymptotic settings (t_end=0.2) it is 0.47x, 1.77x -- which is why the analytic tiers first looked indifferent to it. For the low-order steppers it is mixed: Tier 1 euler 0.69x; Tier 1 midpoint 0.85x; Tier 2 euler 9.92x; Tier 2 midpoint 33.13x; Tier 3 euler 0.63x; Tier 3 midpoint 0.56x.",review 2026-09-24
"At matched NFE, DPM-Solver-3 overtakes DPM-Solver-1 near the paper's ~10-12 NFE on its own checkpoint (Table 6 reproduced)",confirmed,"NFE where DPM-3 and DPM-1 cross at matched NFE: Tier 1 5.1; Tier 2 9.2, 14.2, 17.3; Tier 3 14.1 (the curved Tier 2 re-crosses; its first crossing is the nearest analogue). Paper Table 6 (same checkpoint, FID): DPM-3 24.37 at 9 NFE vs DPM-1 16.69 at 10, DPM-3 ahead by 12 NFE.",review 2026-09-24
DPM-Solver's exact treatment of the linear term helps on concentrated data and hurts on spread-out data,confirmed,"one Gaussian coordinate, data variance s, NFE=20: for s < 1e-2 dpm1 beats Euler-in-t at 83% of points and dpm2 beats RK2-in-t at 100%; at s=1 the t-form right-hand side is identically zero, Euler-in-t is exact (error <= 8e-17) while dpm1 errs by 5.9e-03.",review 2026-09-24
"Sample-quality (FID) ranking at ~10 NFE matches paper Table 6: DPM-2 beats DPM-1, DPM-3 loses to DPM-1, DPM-fast beats DDIM-quadratic",confirmed,"FID-5k at ~10 NFE: dpm2 24.9, dpm_fast 31.3, ddim_quad 39.5, dpm1 44.9, rk2_t 52.9, dpm3 143.3. Paper (50k): dpm_fast 6.42, dpm2 7.90, ddim_quad 13.58, dpm1 16.69, dpm3 24.37. Only the top pair is swapped (dpm2 edges dpm_fast here).",review 2026-09-24
L2 distance to the converged image and sample quality disagree at low NFE: DPM-2 lands on a different but sharp image,confirmed,"same checkpoint, 10 NFE: L2 (64 images) dpm1 78.4 vs dpm2 180.6 -- L2 prefers dpm1; FID-5k dpm1 44.9 vs dpm2 24.9 -- FID prefers dpm2. M9's independent batch (seed 0) agrees: dpm1 75.7 vs dpm2 166.4. figures/11_samples_grid.png shows why: dpm2's 10-NFE images are sharp but not the reference's.",review 2026-09-24
Most of the gap between M11's absolute FIDs and the paper's is the 5k sample size,pending,"needs results/tier3_fid_floor.csv (notebook 11b, Kaggle)",review 2026-09-24
