tier,setting,solver,nfe,err_A,err_B,gain_A_over_B
1,t_end=0.2 (asymptotic),euler,512,0.0034398127138573005,0.0037094436640519985,0.927312294075881
1,t_end=0.2 (asymptotic),midpoint,1024,1.012178776427501e-06,3.179673985267126e-06,0.318327847797411
1,t_end=0.2 (asymptotic),rk4,2048,3.8608295558405825e-12,8.150689387324321e-12,0.47368135041985715
2,t_end=0.2 (asymptotic),euler,512,0.002133104394396199,0.0023075112934546,0.9244177484404446
2,t_end=0.2 (asymptotic),midpoint,1024,7.744907703876792e-07,1.9955761276599796e-06,0.388103846128812
2,t_end=0.2 (asymptotic),rk4,2048,8.151900057957211e-12,4.616577604196471e-12,1.7657885899171566
1,t_end=1e-3 (matched),euler,120,0.010878148885122799,0.0156997008919244,0.6928889257194889
1,t_end=1e-3 (matched),midpoint,120,0.0005510847874404,0.0006481777314271998,0.8502062948490774
1,t_end=1e-3 (matched),rk4,120,2.521680163254877e-05,5.206292647313508e-07,48.43523662766221
2,t_end=1e-3 (matched),euler,120,0.018665899908378795,0.0018825350749126998,9.915299936307642
2,t_end=1e-3 (matched),midpoint,120,0.0105537006048962,0.00031860144376779997,33.12508719385417
2,t_end=1e-3 (matched),rk4,120,0.10686363195266639,1.2497014312856905e-05,8551.133036850673
3,t_end=1e-3 (network),euler,120,9.685051376723912,15.38908080309992,0.6293456705206845
3,t_end=1e-3 (network),midpoint,120,0.9286032515820104,1.6512950550583756,0.5623484723323313
3,t_end=1e-3 (network),rk4,120,4.57418480118177,0.4314320179219852,10.602330404714905
