s,nfe,method,err
0.0001,10,dpm1,0.00019588391902613644
0.0001,10,euler_t,0.0037451387173391406
0.0001,10,euler_lam,0.0018092445830649093
0.0001,10,dpm2,0.00021568241868091483
0.0001,10,rk2_t,0.008290967120417764
0.0001,10,rk2_lam,0.01869687130825551
0.0001,20,dpm1,0.00010097377791524879
0.0001,20,euler_t,0.0011389656974343683
0.0001,20,euler_lam,0.0011737841331792608
0.0001,20,dpm2,5.6432351495500814e-05
0.0001,20,rk2_t,0.0009254923735407411
0.0001,20,rk2_lam,0.0017423501834573833
0.0001,50,dpm1,4.109890870778311e-05
0.0001,50,euler_t,0.000520419257260378
0.0001,50,euler_lam,0.000503840988461537
0.0001,50,dpm2,8.448631962682364e-06
0.0001,50,rk2_t,0.00018341591764008363
0.0001,50,rk2_lam,0.0001609732678168384
0.00021544346900318845,10,dpm1,0.00033592364968433185
0.00021544346900318845,10,euler_t,0.0033512083286278012
0.00021544346900318845,10,euler_lam,0.002239640110118196
0.00021544346900318845,10,dpm2,0.00044681459006590827
0.00021544346900318845,10,rk2_t,0.008667890392407005
0.00021544346900318845,10,rk2_lam,0.01787956189853358
0.00021544346900318845,20,dpm1,0.0001732770264289466
0.00021544346900318845,20,euler_t,0.0007806705244430916
0.00021544346900318845,20,euler_lam,0.0014121085385538632
0.00021544346900318845,20,dpm2,0.00010210278432926578
0.00021544346900318845,20,rk2_t,0.0012583562771428095
0.00021544346900318845,20,rk2_lam,0.0018605925909893901
0.00021544346900318845,50,dpm1,7.083895156633846e-05
0.00021544346900318845,50,euler_t,0.000237182772734408
0.00021544346900318845,50,euler_lam,0.0006020979826883834
0.00021544346900318845,50,dpm2,1.4780595288027467e-05
0.00021544346900318845,50,rk2_t,4.742742249185189e-05
0.00021544346900318845,50,rk2_lam,0.00018150784292612866
0.00046415888336127773,10,dpm1,0.0005350838783041473
0.00046415888336127773,10,euler_t,0.002719040145058747
0.00046415888336127773,10,euler_lam,0.002939616961501258
0.00046415888336127773,10,dpm2,0.0008168079875002206
0.00046415888336127773,10,rk2_t,0.00926355137009273
0.00046415888336127773,10,rk2_lam,0.016670033985403267
0.00046415888336127773,20,dpm1,0.000278659325633352
0.00046415888336127773,20,euler_t,0.00022414855789139147
0.00046415888336127773,20,euler_lam,0.0017730091676961225
0.00046415888336127773,20,dpm2,0.00016590092225430815
0.00046415888336127773,20,rk2_t,0.0017608726813261536
0.00046415888336127773,20,rk2_lam,0.0020173393184569188
0.00046415888336127773,50,dpm1,0.00011450136862870171
0.00046415888336127773,50,euler_t,0.00016687645593311921
0.00046415888336127773,50,euler_lam,0.0007457328532062186
0.00046415888336127773,50,dpm2,2.400306743806889e-05
0.00046415888336127773,50,rk2_t,0.0003456040726459563
0.00046415888336127773,50,rk2_lam,0.0002101200142293337
0.001,10,dpm1,0.0008172705320560686
0.001,10,euler_t,0.001783803930593966
0.001,10,euler_lam,0.00398957259110739
0.001,10,dpm2,0.0012571340502375615
0.001,10,rk2_t,0.010120749991680129
0.001,10,rk2_lam,0.015208974205486694
0.001,20,dpm1,0.00042910369436025995
0.001,20,euler_t,0.0005531911403992432
0.001,20,euler_lam,0.0022695519794252075
0.001,20,dpm2,0.0002549718461848172
0.001,20,rk2_t,0.002425395018582942
0.001,20,rk2_lam,0.0021808740645533533
0.001,50,dpm1,0.00017700435845463287
0.001,50,euler_t,0.0006534974692293293
0.001,50,euler_lam,0.0009360402573031497
0.001,50,dpm2,3.710117863040593e-05
0.001,50,rk2_t,0.0006324771814803917
0.001,50,rk2_lam,0.0002445211965478849
0.002154434690031882,10,dpm1,0.0012234727900591923
0.002154434690031882,10,euler_t,0.0005038411060793151
0.002154434690031882,10,euler_lam,0.005438060541333626
0.002154434690031882,10,dpm2,0.0016917240150754603
0.002154434690031882,10,rk2_t,0.011235391110897034
0.002154434690031882,10,rk2_lam,0.013748816843024364
0.002154434690031882,20,dpm1,0.0006449089852323562
0.002154434690031882,20,euler_t,0.0015150924314683168
0.002154434690031882,20,euler_lam,0.0028935334506884425
0.002154434690031882,20,dpm2,0.0003832810361400702
0.002154434690031882,20,rk2_t,0.003159639176652693
0.002154434690031882,20,rk2_lam,0.002297187687546288
0.002154434690031882,50,dpm1,0.0002666406864920033
0.002154434690031882,50,euler_t,0.0011248439416261507
0.002154434690031882,50,euler_lam,0.00116648576182617
0.002154434690031882,50,dpm2,5.5831812601287584e-05
0.002154434690031882,50,rk2_t,0.0007740692994425459
0.002154434690031882,50,rk2_lam,0.00027944940634590763
0.004641588833612777,10,dpm1,0.0018099260269322714
0.004641588833612777,10,euler_t,0.001094951223390251
0.004641588833612777,10,euler_lam,0.007233070482882473
0.004641588833612777,10,dpm2,0.0023034724884121397
0.004641588833612777,10,rk2_t,0.012490562416077298
0.004641588833612777,10,rk2_lam,0.012306405155884943
0.004641588833612777,20,dpm1,0.0009573515064558212
0.004641588833612777,20,euler_t,0.0025185643398066247
0.004641588833612777,20,euler_lam,0.003602139035555038
0.004641588833612777,20,dpm2,0.0005660371486066566
0.004641588833612777,20,rk2_t,0.0037353398871725098
0.004641588833612777,20,rk2_lam,0.0022941878836696284
0.004641588833612777,50,dpm1,0.0003963029187312242
0.004641588833612777,50,euler_t,0.0014632200500219504
0.004641588833612777,50,euler_lam,0.0014191875128773462
0.004641588833612777,50,dpm2,8.291781747401215e-05
0.004641588833612777,50,rk2_t,0.0006838308642132234
0.004641588833612777,50,rk2_lam,0.0003064936819875408
0.01,10,dpm1,0.0026696239596920423
0.01,10,euler_t,0.0028307031957006436
0.01,10,euler_lam,0.00912830102192511
0.01,10,dpm2,0.0035820059170371503
0.01,10,rk2_t,0.01353995973499299
0.01,10,rk2_lam,0.010496853188865847
0.01,20,dpm1,0.001412688477042949
0.01,20,euler_t,0.0032917074503447837
0.01,20,euler_lam,0.004296813893316044
0.01,20,dpm2,0.0008367357545844053
0.01,20,rk2_t,0.003810659269567706
0.01,20,rk2_lam,0.0021026087850413
0.01,50,dpm1,0.0005851428053494714
0.01,50,euler_t,0.0016118099799628527
0.01,50,euler_lam,0.0016587570848722866
0.01,50,dpm2,0.0001223757180617447
0.01,50,rk2_t,0.0004583546784434449
0.01,50,rk2_lam,0.0003144567027447004
0.021544346900318822,10,dpm1,0.0039246906601227895
0.021544346900318822,10,euler_t,0.004261535695924443
0.021544346900318822,10,euler_lam,0.01063561301363169
0.021544346900318822,10,dpm2,0.005867128644830244
0.021544346900318822,10,rk2_t,0.013705809399276885
0.021544346900318822,10,rk2_lam,0.007842637029698282
0.021544346900318822,20,dpm1,0.002078696689003595
0.021544346900318822,20,euler_t,0.003545965379530936
0.021544346900318822,20,euler_lam,0.004802466988314439
0.021544346900318822,20,dpm2,0.0012292734550586534
0.021544346900318822,20,rk2_t,0.0031934500928293384
0.021544346900318822,20,rk2_lam,0.0016787672415466172
0.021544346900318822,50,dpm1,0.0008612523256504231
0.021544346900318822,50,euler_t,0.0015825802006622126
0.021544346900318822,50,euler_lam,0.0018258947984531697
0.021544346900318822,50,dpm2,0.0001800816750151188
0.021544346900318822,50,rk2_t,0.00028077053250269435
0.021544346900318822,50,rk2_lam,0.00029164268862519674
0.046415888336127774,10,dpm1,0.0057641851801787485
0.046415888336127774,10,euler_t,0.004737240895416928
0.046415888336127774,10,euler_lam,0.01103865993890851
0.046415888336127774,10,dpm2,0.008747101189059584
0.046415888336127774,10,rk2_t,0.012181372557282615
0.046415888336127774,10,rk2_lam,0.004188513154403894
0.046415888336127774,20,dpm1,0.0030546348194651213
0.046415888336127774,20,euler_t,0.0032033424570362817
0.046415888336127774,20,euler_lam,0.0048705486209752215
0.046415888336127774,20,dpm2,0.0018043016190823942
0.046415888336127774,20,rk2_t,0.0022031398299666646
0.046415888336127774,20,rk2_lam,0.0010529781564857128
0.046415888336127774,50,dpm1,0.0012657757836687308
0.046415888336127774,50,euler_t,0.0013930144000402558
0.046415888336127774,50,euler_lam,0.0018372083857066054
0.046415888336127774,50,dpm2,0.0002646369661813523
0.046415888336127774,50,rk2_t,0.00019660943678549356
0.046415888336127774,50,rk2_lam,0.00023171802873769853
0.1,10,dpm1,0.008470475389127582
0.1,10,euler_t,0.003862971483176887
0.1,10,euler_lam,0.009570121273282623
0.1,10,dpm2,0.011656869263940786
0.1,10,rk2_t,0.008881952795626855
0.1,10,rk2_lam,1.0095090682546437e-05
0.1,20,dpm1,0.004485990197237791
0.1,20,euler_t,0.0024071228163045494
0.1,20,euler_lam,0.004246853169851662
0.1,20,dpm2,0.0026563983912512926
0.1,20,rk2_t,0.0013948254925808881
0.1,20,rk2_lam,0.00036815035575679667
0.1,50,dpm1,0.0018590152542244248
0.1,50,euler_t,0.0010569805652854633
0.1,50,euler_lam,0.0016037985085263565
0.1,50,dpm2,0.00038864696778644764
0.1,50,rk2_t,0.00015337804791736714
0.1,50,rk2_lam,0.00014283197029728995
0.21544346900318823,10,dpm1,0.012423505944123392
0.21544346900318823,10,euler_t,0.0020436220897082427
0.21544346900318823,10,euler_lam,0.006141134963906926
0.21544346900318823,10,dpm2,0.01579483804586662
0.21544346900318823,10,rk2_t,0.005079880636418954
0.21544346900318823,10,rk2_lam,0.003242513707582634
0.21544346900318823,20,dpm1,0.006586145840383022
0.21544346900318823,20,euler_t,0.0013501287531308553
0.21544346900318823,20,euler_lam,0.0028463515932049127
0.21544346900318823,20,dpm2,0.0038870140836521697
0.21544346900318823,20,rk2_t,0.0008755713860733039
0.21544346900318823,20,rk2_lam,0.00011507094675144297
0.21544346900318823,50,dpm1,0.0027294083830367993
0.21544346900318823,50,euler_t,0.0006155054654454623
0.21544346900318823,50,euler_lam,0.0010866864672810436
0.21544346900318823,50,dpm2,0.0005705988722883165
0.21544346900318823,50,rk2_t,0.00011401005591425706
0.21544346900318823,50,rk2_lam,5.384255612913419e-05
0.46415888336127775,10,dpm1,0.018250978681807542
0.46415888336127775,10,euler_t,0.0002916825653725419
0.46415888336127775,10,euler_lam,0.0021111425317989763
0.46415888336127775,10,dpm2,0.024484645915832035
0.46415888336127775,10,rk2_t,0.0020986969035978464
0.46415888336127775,10,rk2_lam,0.0034201188636108493
0.46415888336127775,20,dpm1,0.009668164423640893
0.46415888336127775,20,euler_t,0.00033723273147762134
0.46415888336127775,20,euler_lam,0.0010401504082929447
0.46415888336127775,20,dpm2,0.005721411480521715
0.46415888336127775,20,rk2_t,0.0004358693327638635
0.46415888336127775,20,rk2_lam,0.00015109665596772792
0.46415888336127775,50,dpm1,0.0040067001014071485
0.46415888336127775,50,euler_t,0.00017945548533666866
0.46415888336127775,50,euler_lam,0.00040512479505895593
0.46415888336127775,50,dpm2,0.0008376155621474812
0.46415888336127775,50,rk2_t,6.307531134114308e-05
0.46415888336127775,50,rk2_lam,3.744200415684018e-06
1.0,10,dpm1,0.02678063122502508
1.0,10,euler_t,8.326672684688674e-17
1.0,10,euler_lam,2.7755575615628914e-17
1.0,10,dpm2,0.040027139138703455
1.0,10,rk2_t,5.551115123125783e-17
1.0,10,rk2_lam,2.7755575615628914e-17
1.0,20,dpm1,0.014191384856517594
1.0,20,euler_t,2.7755575615628914e-17
1.0,20,euler_lam,0.0
1.0,20,dpm2,0.0083885780438811
1.0,20,rk2_t,5.551115123125783e-17
1.0,20,rk2_lam,0.0
1.0,50,dpm1,0.005881252265285158
1.0,50,euler_t,0.0
1.0,50,euler_lam,0.0
1.0,50,dpm2,0.0012294926393645045
1.0,50,rk2_t,0.0
1.0,50,rk2_lam,0.0
