tier,testbed,arm,solver,order,kappa,h,nfe,err_l2,diverged,seed
3,cifar10,A,euler,1,nan,0.0999,10,79.14257981573076,0,0
3,cifar10,A,euler,1,nan,0.08325,12,68.8414849712105,0,0
3,cifar10,A,euler,1,nan,0.0666,15,57.54823889812893,0,0
3,cifar10,A,euler,1,nan,0.04995,20,45.74803377099601,0,0
3,cifar10,A,euler,1,nan,0.0333,30,33.7303598629418,0,0
3,cifar10,A,euler,1,nan,0.01998,50,21.302248393925428,0,0
3,cifar10,A,euler,1,nan,0.0124875,80,14.136828226925568,0,0
3,cifar10,A,euler,1,nan,0.008325,120,9.685051376723914,0,0
3,cifar10,A,midpoint,2,nan,0.1998,10,43.061129359383436,0,0
3,cifar10,A,midpoint,2,nan,0.1665,12,34.90736180016978,0,0
3,cifar10,A,midpoint,2,nan,0.1427142857142857,14,25.522234879909476,0,0
3,cifar10,A,midpoint,2,nan,0.0999,20,14.834363633070256,0,0
3,cifar10,A,midpoint,2,nan,0.0666,30,7.872333198298386,0,0
3,cifar10,A,midpoint,2,nan,0.03996,50,3.5268516301326702,0,0
3,cifar10,A,midpoint,2,nan,0.024975,80,2.0801198363937075,0,0
3,cifar10,A,midpoint,2,nan,0.01665,120,0.9286032515820105,0,0
3,cifar10,A,rk4,4,nan,0.4995,8,132.352489248674,0,0
3,cifar10,A,rk4,4,nan,0.333,12,71.12699948123064,0,0
3,cifar10,A,rk4,4,nan,0.333,12,71.12699948123064,0,0
3,cifar10,A,rk4,4,nan,0.1998,20,33.553521520272724,0,0
3,cifar10,A,rk4,4,nan,0.1427142857142857,28,20.905653390408695,0,0
3,cifar10,A,rk4,4,nan,0.08325,48,13.379539330563096,0,0
3,cifar10,A,rk4,4,nan,0.04995,80,7.548912671322542,0,0
3,cifar10,A,rk4,4,nan,0.0333,120,4.57418480118177,0,0
3,cifar10,B,euler,1,nan,0.9663956703019378,10,99.76703548868517,0,0
3,cifar10,B,euler,1,nan,0.8053297252516148,12,88.69041565536872,0,0
3,cifar10,B,euler,1,nan,0.6442637802012919,15,75.50745942065997,0,0
3,cifar10,B,euler,1,nan,0.4831978351509689,20,62.234478161148154,0,0
3,cifar10,B,euler,1,nan,0.32213189010064597,30,46.96984107544122,0,0
3,cifar10,B,euler,1,nan,0.19327913406038758,50,32.833037945364396,0,0
3,cifar10,B,euler,1,nan,0.12079945878774223,80,21.643491175746654,0,0
3,cifar10,B,euler,1,nan,0.08053297252516149,120,15.389080803099924,0,0
3,cifar10,B,midpoint,2,nan,1.9327913406038757,10,83.19269039697797,0,0
3,cifar10,B,midpoint,2,nan,1.6106594505032297,12,59.675168302736,0,0
3,cifar10,B,midpoint,2,nan,1.3805652432884827,14,49.3215315579483,0,0
3,cifar10,B,midpoint,2,nan,0.9663956703019378,20,31.32297795573796,0,0
3,cifar10,B,midpoint,2,nan,0.6442637802012919,30,17.065456432080268,0,0
3,cifar10,B,midpoint,2,nan,0.38655826812077515,50,7.441148419105629,0,0
3,cifar10,B,midpoint,2,nan,0.24159891757548446,80,2.5277761753240564,0,0
3,cifar10,B,midpoint,2,nan,0.16106594505032298,120,1.6512950550583756,0,0
3,cifar10,B,rk4,4,nan,4.831978351509689,8,119.2770959728128,0,0
3,cifar10,B,rk4,4,nan,3.2213189010064593,12,70.44771618191858,0,0
3,cifar10,B,rk4,4,nan,3.2213189010064593,12,70.44771618191858,0,0
3,cifar10,B,rk4,4,nan,1.9327913406038757,20,43.20764174319873,0,0
3,cifar10,B,rk4,4,nan,1.3805652432884827,28,13.38670905096457,0,0
3,cifar10,B,rk4,4,nan,0.8053297252516148,48,2.412218030855406,0,0
3,cifar10,B,rk4,4,nan,0.4831978351509689,80,0.8728382084765722,0,0
3,cifar10,B,rk4,4,nan,0.32213189010064597,120,0.4314320179219852,0,0
3,cifar10,C,dpm1,1,nan,0.9663956703019378,10,75.69999893720514,0,0
3,cifar10,C,dpm1,1,nan,0.8053297252516148,12,65.87783230674219,0,0
3,cifar10,C,dpm1,1,nan,0.6442637802012919,15,55.43402532915755,0,0
3,cifar10,C,dpm1,1,nan,0.4831978351509689,20,45.120565679035806,0,0
3,cifar10,C,dpm1,1,nan,0.32213189010064597,30,33.22322771334107,0,0
3,cifar10,C,dpm1,1,nan,0.19327913406038758,50,22.39668056749229,0,0
3,cifar10,C,dpm1,1,nan,0.12079945878774223,80,14.311613251055217,0,0
3,cifar10,C,dpm1,1,nan,0.08053297252516149,120,9.784066719655062,0,0
3,cifar10,C,dpm2,2,nan,1.9327913406038757,10,166.3991285798565,0,0
3,cifar10,C,dpm2,2,nan,1.6106594505032297,12,95.47817209903718,0,0
3,cifar10,C,dpm2,2,nan,1.3805652432884827,14,61.37876682700373,0,0
3,cifar10,C,dpm2,2,nan,0.9663956703019378,20,26.468342376313412,0,0
3,cifar10,C,dpm2,2,nan,0.6442637802012919,30,10.081657689031637,0,0
3,cifar10,C,dpm2,2,nan,0.38655826812077515,50,3.209874894923774,0,0
3,cifar10,C,dpm2,2,nan,0.24159891757548446,80,1.6509356191213056,0,0
3,cifar10,C,dpm2,2,nan,0.16106594505032298,120,0.6511232962530513,0,0
3,cifar10,C,dpm3,3,nan,3.2213189010064593,9,279.56747445893336,0,0
3,cifar10,C,dpm3,3,nan,2.4159891757548446,12,103.76800277417908,0,0
3,cifar10,C,dpm3,3,nan,1.9327913406038757,15,46.264451272044255,0,0
3,cifar10,C,dpm3,3,nan,1.6106594505032297,18,24.326952495188774,0,0
3,cifar10,C,dpm3,3,nan,0.9663956703019378,30,5.030425292226854,0,0
3,cifar10,C,dpm3,3,nan,0.6039972939387112,48,1.9963251579328847,0,0
3,cifar10,C,dpm3,3,nan,0.37169064242382227,78,1.221815521461025,0,0
3,cifar10,C,dpm3,3,nan,0.24159891757548446,120,0.3726191203529986,0,0
