sampler,nfe,err_l2
ddim_quad,10,8.932896501843022
ddim_quad,10,8.584294242541924
ddim_quad,10,6.614978655328897
ddim_quad,10,6.179474163378863
ddim_quad,10,21.444087500719455
ddim_quad,10,14.496828987528193
ddim_quad,10,9.483952834558602
ddim_quad,10,12.326778935238877
ddim_quad,10,12.371415793684248
ddim_quad,10,11.530918015773848
ddim_quad,10,13.898253172772053
ddim_quad,10,12.932132657819773
ddim_quad,10,8.501606687856404
ddim_quad,10,6.634949355573456
ddim_quad,10,15.191590850692629
ddim_quad,10,11.649726169598738
ddim_quad,10,16.83782532154938
ddim_quad,10,13.049445620269466
ddim_quad,10,18.23805793114097
ddim_quad,10,5.865510448406939
ddim_quad,10,16.034602530511783
ddim_quad,10,11.188633836762666
ddim_quad,10,11.91831895263311
ddim_quad,10,7.860736818116435
ddim_quad,10,10.529911991340988
ddim_quad,10,11.868953417649584
ddim_quad,10,12.70041190779453
ddim_quad,10,9.429247717504987
ddim_quad,10,13.807021780389105
ddim_quad,10,10.352246911733735
ddim_quad,10,10.112892043709413
ddim_quad,10,5.001295466840059
ddim_quad,10,15.032461039961285
ddim_quad,10,11.583368842733163
ddim_quad,10,10.943838291694178
ddim_quad,10,13.653148862622961
ddim_quad,10,5.3846659245743265
ddim_quad,10,9.480533216399635
ddim_quad,10,7.090290397963088
ddim_quad,10,9.477680311390206
ddim_quad,10,11.708783283331687
ddim_quad,10,14.877589744086825
ddim_quad,10,12.640915620675466
ddim_quad,10,14.193425579139179
ddim_quad,10,12.498769776914793
ddim_quad,10,8.038909831181568
ddim_quad,10,14.051149594031552
ddim_quad,10,14.431332882709635
ddim_quad,10,8.398554807508555
ddim_quad,10,10.21900543045455
ddim_quad,10,8.7805384851091
ddim_quad,10,11.427731204439652
ddim_quad,10,6.090320292467846
ddim_quad,10,5.5329365855307415
ddim_quad,10,11.275302887165845
ddim_quad,10,10.379664248092297
ddim_quad,10,7.212237666921444
ddim_quad,10,14.210975240046736
ddim_quad,10,10.229885555899104
ddim_quad,10,10.592998619971317
ddim_quad,10,8.103183199259185
ddim_quad,10,11.657969977830039
ddim_quad,10,7.2278630576044876
ddim_quad,10,12.499126083075227
ddim_quad,12,7.402506716398646
ddim_quad,12,7.05682050702636
ddim_quad,12,5.633448840035468
ddim_quad,12,5.083714376056613
ddim_quad,12,19.361133708127525
ddim_quad,12,12.100638906396037
ddim_quad,12,7.447801847956687
ddim_quad,12,10.712739268447399
ddim_quad,12,10.455914695117055
ddim_quad,12,9.446593510139575
ddim_quad,12,11.595395823302184
ddim_quad,12,11.128899100230862
ddim_quad,12,7.025325887050241
ddim_quad,12,5.533612134872366
ddim_quad,12,12.809423111435162
ddim_quad,12,10.39505942589487
ddim_quad,12,14.926962528798464
ddim_quad,12,11.297435828616154
ddim_quad,12,16.016947757599286
ddim_quad,12,4.6625058266875845
ddim_quad,12,13.716286038039808
ddim_quad,12,9.344374523514121
ddim_quad,12,10.017989956711434
ddim_quad,12,6.213075676981054
ddim_quad,12,9.321227361762611
ddim_quad,12,10.387303041506385
ddim_quad,12,10.456094266281369
ddim_quad,12,7.881047821461236
ddim_quad,12,11.845053243917029
ddim_quad,12,8.210225570776922
ddim_quad,12,7.9759476564465075
ddim_quad,12,4.215406396052662
ddim_quad,12,12.773253927165554
ddim_quad,12,9.853333210586985
ddim_quad,12,9.02806240998898
ddim_quad,12,11.374321102499762
ddim_quad,12,4.28502964704407
ddim_quad,12,7.914401986155178
ddim_quad,12,5.384794681340754
ddim_quad,12,8.310487294145787
ddim_quad,12,9.773163761419198
ddim_quad,12,12.591099614094274
ddim_quad,12,10.98399137852087
ddim_quad,12,12.240617750568997
ddim_quad,12,10.9207447075332
ddim_quad,12,6.671380485620427
ddim_quad,12,12.115730220757698
ddim_quad,12,12.277885179980004
ddim_quad,12,6.656594679274866
ddim_quad,12,8.524743690032775
ddim_quad,12,7.420336771954488
ddim_quad,12,9.905910483413535
ddim_quad,12,4.935145827774491
ddim_quad,12,4.415783858420601
ddim_quad,12,9.713060096308883
ddim_quad,12,9.435335960634726
ddim_quad,12,5.867741602659309
ddim_quad,12,12.073394990293137
ddim_quad,12,8.990611191846913
ddim_quad,12,8.75394093707378
ddim_quad,12,6.996860044316816
ddim_quad,12,10.105502256052304
ddim_quad,12,5.9282129854848264
ddim_quad,12,10.953503945342801
ddim_quad,15,5.9144556856769706
ddim_quad,15,5.703447731397336
ddim_quad,15,4.613346422957355
ddim_quad,15,3.9936516167647595
ddim_quad,15,16.552423835401722
ddim_quad,15,9.714295216165153
ddim_quad,15,5.527178305056963
ddim_quad,15,8.623765016521538
ddim_quad,15,8.556536407175665
ddim_quad,15,7.585764575701069
ddim_quad,15,8.98248535018399
ddim_quad,15,9.37389706497535
ddim_quad,15,5.631246578537295
ddim_quad,15,4.417045258776899
ddim_quad,15,10.304704851957899
ddim_quad,15,8.604985571292334
ddim_quad,15,12.74703567365892
ddim_quad,15,9.47719402708798
ddim_quad,15,13.715881703183578
ddim_quad,15,3.5300937019987835
ddim_quad,15,11.382939974345115
ddim_quad,15,7.475482742041537
ddim_quad,15,8.122469386948772
ddim_quad,15,4.82009379411854
ddim_quad,15,7.932353496953181
ddim_quad,15,8.558408455203821
ddim_quad,15,8.245727264337894
ddim_quad,15,6.423301004437882
ddim_quad,15,9.910490521641306
ddim_quad,15,5.77015162571798
ddim_quad,15,6.2642559749714275
ddim_quad,15,3.3526628369439595
ddim_quad,15,9.85862801604198
ddim_quad,15,7.9588982755748265
ddim_quad,15,7.274736809821189
ddim_quad,15,9.025786737225474
ddim_quad,15,3.2765315099315746
ddim_quad,15,6.422451543974417
ddim_quad,15,3.9170802482059077
ddim_quad,15,6.829028937939877
ddim_quad,15,7.842787443219583
ddim_quad,15,10.22624490417235
ddim_quad,15,9.575308426298133
ddim_quad,15,10.095614600388592
ddim_quad,15,8.801513205105048
ddim_quad,15,5.302412419452254
ddim_quad,15,10.040104978221859
ddim_quad,15,9.125671660539663
ddim_quad,15,5.050562526264863
ddim_quad,15,6.86636259973527
ddim_quad,15,5.992060472046602
ddim_quad,15,8.603004637155903
ddim_quad,15,3.861361965983843
ddim_quad,15,3.346872210691595
ddim_quad,15,8.003902923443441
ddim_quad,15,8.557125812050852
ddim_quad,15,4.586864465539057
ddim_quad,15,9.895012415514806
ddim_quad,15,7.682583411397693
ddim_quad,15,6.973220188368442
ddim_quad,15,5.858407951252551
ddim_quad,15,8.21463202787493
ddim_quad,15,4.591308426589795
ddim_quad,15,9.471370892432727
ddim_quad,20,4.531401525966699
ddim_quad,20,4.25098460458419
ddim_quad,20,3.610183435397158
ddim_quad,20,3.033543757855951
ddim_quad,20,13.100569988363718
ddim_quad,20,7.293012891033312
ddim_quad,20,3.9949840146200994
ddim_quad,20,6.588803000462707
ddim_quad,20,6.92140780069631
ddim_quad,20,5.654217615927583
ddim_quad,20,7.7212458828405355
ddim_quad,20,7.209002817022562
ddim_quad,20,4.190467999083808
ddim_quad,20,3.3630327938192366
ddim_quad,20,7.934068257661685
ddim_quad,20,7.184934060199411
ddim_quad,20,9.217963193305383
ddim_quad,20,7.614937390516184
ddim_quad,20,11.235980727049215
ddim_quad,20,2.5875115708746064
ddim_quad,20,8.687724849594423
ddim_quad,20,5.635785880599409
ddim_quad,20,6.392028719716416
ddim_quad,20,3.6002406655903387
ddim_quad,20,6.414793231441106
ddim_quad,20,6.742367352081837
ddim_quad,20,6.048742073752113
ddim_quad,20,5.0556317767254795
ddim_quad,20,7.564632207613102
ddim_quad,20,4.062524687400162
ddim_quad,20,4.644246216418089
ddim_quad,20,2.638388054402704
ddim_quad,20,7.269519411283794
ddim_quad,20,6.181858410846787
ddim_quad,20,5.419327269446704
ddim_quad,20,6.816343832643309
ddim_quad,20,2.383681173411808
ddim_quad,20,4.755388156608532
ddim_quad,20,2.7759227657394256
ddim_quad,20,5.006519708713036
ddim_quad,20,6.0811848182527015
ddim_quad,20,7.7806091675414955
ddim_quad,20,8.246105560640949
ddim_quad,20,7.914657215596985
ddim_quad,20,5.997392979934869
ddim_quad,20,3.9886680327512307
ddim_quad,20,7.805069312010537
ddim_quad,20,6.4012971076050205
ddim_quad,20,3.7333470063294727
ddim_quad,20,5.25613121926521
ddim_quad,20,4.615997315535094
ddim_quad,20,7.343944204497765
ddim_quad,20,2.9251969679276866
ddim_quad,20,2.430018437520883
ddim_quad,20,6.167747453477315
ddim_quad,20,7.889608685915467
ddim_quad,20,3.39509538976581
ddim_quad,20,7.559615272616265
ddim_quad,20,6.311894714101282
ddim_quad,20,5.256659263035834
ddim_quad,20,4.718938451401177
ddim_quad,20,5.9618922347117245
ddim_quad,20,3.4136343104518128
ddim_quad,20,7.888447014451326
ddim_quad,30,3.0696122824720296
ddim_quad,30,2.8389823309427125
ddim_quad,30,2.506381582233846
ddim_quad,30,2.0346347266049944
ddim_quad,30,10.00367517974785
ddim_quad,30,4.902363494820333
ddim_quad,30,2.5211157207566735
ddim_quad,30,4.332373708034733
ddim_quad,30,5.557826893089243
ddim_quad,30,3.7407079797489216
ddim_quad,30,6.479227339070371
ddim_quad,30,5.060341163954763
ddim_quad,30,2.783687867832285
ddim_quad,30,2.2847532288932695
ddim_quad,30,5.510727263881019
ddim_quad,30,4.4715000697036045
ddim_quad,30,6.382729349104265
ddim_quad,30,5.523901036685943
ddim_quad,30,8.35832411862904
ddim_quad,30,1.6898507071872222
ddim_quad,30,5.941754228588172
ddim_quad,30,3.7252905504091363
ddim_quad,30,4.6465438379967905
ddim_quad,30,2.3412588241792673
ddim_quad,30,4.268935576577759
ddim_quad,30,4.782348428759439
ddim_quad,30,3.9153890398997957
ddim_quad,30,3.739763595197529
ddim_quad,30,4.987679960938927
ddim_quad,30,2.497050767695962
ddim_quad,30,2.9449422429475245
ddim_quad,30,2.029159373684857
ddim_quad,30,4.847844997209967
ddim_quad,30,4.237048623387924
ddim_quad,30,3.6362195589280213
ddim_quad,30,4.537949836306437
ddim_quad,30,1.5775981143507591
ddim_quad,30,3.1653419463126933
ddim_quad,30,1.8227294129088705
ddim_quad,30,3.2565743937493012
ddim_quad,30,4.215467262199067
ddim_quad,30,5.272830350178742
ddim_quad,30,6.705013512866756
ddim_quad,30,5.478722737938009
ddim_quad,30,4.056448931665086
ddim_quad,30,2.663861202791551
ddim_quad,30,5.379693836976159
ddim_quad,30,4.1613825832652545
ddim_quad,30,2.417729157256012
ddim_quad,30,3.5198877021385098
ddim_quad,30,3.1897358822100115
ddim_quad,30,5.669737574993087
ddim_quad,30,1.9708960097775408
ddim_quad,30,1.5801271158275216
ddim_quad,30,4.218430827276944
ddim_quad,30,7.049464101474395
ddim_quad,30,2.2296445225124457
ddim_quad,30,5.152839164342385
ddim_quad,30,4.8343922519303675
ddim_quad,30,3.5146103493998235
ddim_quad,30,3.4901052888819977
ddim_quad,30,3.898148763795499
ddim_quad,30,2.2392696578351314
ddim_quad,30,5.5488820005605595
ddim_quad,50,1.959577389601611
ddim_quad,50,1.7107007780904109
ddim_quad,50,1.5260257968160766
ddim_quad,50,1.3067204671643682
ddim_quad,50,6.985196179396368
ddim_quad,50,2.9134002770092846
ddim_quad,50,1.471949014833108
ddim_quad,50,2.5929927521209675
ddim_quad,50,4.227392987268519
ddim_quad,50,2.226641306813565
ddim_quad,50,2.2405549550254693
ddim_quad,50,3.0089250598115838
ddim_quad,50,1.6824558827714853
ddim_quad,50,1.3926783663022244
ddim_quad,50,3.4344121095835196
ddim_quad,50,2.2783438531873497
ddim_quad,50,3.9873806676101644
ddim_quad,50,3.61098424384136
ddim_quad,50,5.25180735723459
ddim_quad,50,1.0652374959214435
ddim_quad,50,3.5404913234324424
ddim_quad,50,2.2110646033570864
ddim_quad,50,3.169186346493906
ddim_quad,50,1.4350380329204493
ddim_quad,50,2.6282280572388834
ddim_quad,50,2.9122445885408093
ddim_quad,50,2.232408535836929
ddim_quad,50,2.7881122171789143
ddim_quad,50,2.9887348808565464
ddim_quad,50,1.5519556675915953
ddim_quad,50,1.7731848800955066
ddim_quad,50,1.1300089573076995
ddim_quad,50,2.901856397526725
ddim_quad,50,2.6273768938994677
ddim_quad,50,2.198076707727518
ddim_quad,50,2.7821859998879557
ddim_quad,50,1.0093591764426237
ddim_quad,50,1.8106519396269263
ddim_quad,50,1.2224914484318452
ddim_quad,50,1.9254872371076346
ddim_quad,50,2.8310759153462453
ddim_quad,50,3.1950751131485307
ddim_quad,50,3.5764833836842587
ddim_quad,50,3.466864231660062
ddim_quad,50,2.567606886254831
ddim_quad,50,1.6792928373100715
ddim_quad,50,3.281514182190878
ddim_quad,50,2.3831436101755923
ddim_quad,50,1.5070688725935226
ddim_quad,50,2.1200193887333287
ddim_quad,50,2.012889160010435
ddim_quad,50,3.926956203013383
ddim_quad,50,1.2128473643054227
ddim_quad,50,0.9921381556625343
ddim_quad,50,2.569861505759692
ddim_quad,50,5.7927573256007205
ddim_quad,50,1.3731417168352333
ddim_quad,50,3.084605558146126
ddim_quad,50,3.7763671439908455
ddim_quad,50,2.116258222595338
ddim_quad,50,2.146237167753634
ddim_quad,50,2.348765503971445
ddim_quad,50,1.3860665582639144
ddim_quad,50,2.840844503120088
ddim_quad,80,1.3087528395104728
ddim_quad,80,1.0825554039825842
ddim_quad,80,0.9877886087218382
ddim_quad,80,0.8268979236354473
ddim_quad,80,4.660133159082337
ddim_quad,80,1.852199363577975
ddim_quad,80,0.9378898634761635
ddim_quad,80,1.6664131138524945
ddim_quad,80,3.0080942749515325
ddim_quad,80,1.4248778164344538
ddim_quad,80,1.3394092553660955
ddim_quad,80,1.8654048476978093
ddim_quad,80,1.050910906117042
ddim_quad,80,0.9020789064563968
ddim_quad,80,2.240381042914395
ddim_quad,80,1.418002640873816
ddim_quad,80,2.614285115465979
ddim_quad,80,2.314738499407233
ddim_quad,80,3.3016631083806844
ddim_quad,80,0.6798419243077933
ddim_quad,80,2.2512773326776165
ddim_quad,80,1.4231963848178528
ddim_quad,80,2.194606448980036
ddim_quad,80,0.9000715122564649
ddim_quad,80,1.6937536010776177
ddim_quad,80,1.9623832334747646
ddim_quad,80,1.4501604724863653
ddim_quad,80,2.242519142567038
ddim_quad,80,1.9167509072721227
ddim_quad,80,0.9579483883147376
ddim_quad,80,1.1158027257474377
ddim_quad,80,0.7375181394424091
ddim_quad,80,1.8212270941701079
ddim_quad,80,1.7541671654866273
ddim_quad,80,1.3932913421796422
ddim_quad,80,1.7879920693341276
ddim_quad,80,0.6330555896442394
ddim_quad,80,1.1299665493075453
ddim_quad,80,0.8011168685467923
ddim_quad,80,1.2635707026982113
ddim_quad,80,1.8837417313249059
ddim_quad,80,2.0946488106478225
ddim_quad,80,1.8588492623029516
ddim_quad,80,2.3493586227459993
ddim_quad,80,1.7174501352603178
ddim_quad,80,1.060702753738945
ddim_quad,80,2.1220911950933306
ddim_quad,80,1.4806320006861131
ddim_quad,80,0.9644840808424368
ddim_quad,80,1.3723656519550467
ddim_quad,80,1.313587391967838
ddim_quad,80,2.769661579536963
ddim_quad,80,0.778513122730381
ddim_quad,80,0.613231459924315
ddim_quad,80,1.6519924638895327
ddim_quad,80,2.218128477084756
ddim_quad,80,0.8752818990210561
ddim_quad,80,1.964784494711842
ddim_quad,80,3.1953309354197876
ddim_quad,80,1.3442149961722458
ddim_quad,80,1.3721075758091164
ddim_quad,80,1.4990626098177828
ddim_quad,80,0.8639420463655317
ddim_quad,80,1.743828885671026
ddim_quad,120,0.8834279037674195
ddim_quad,120,0.7329582654686051
ddim_quad,120,0.6729933525971058
ddim_quad,120,0.5457854391030057
ddim_quad,120,3.047652685280753
ddim_quad,120,1.2530213781889075
ddim_quad,120,0.6067274966362572
ddim_quad,120,1.08430557575076
ddim_quad,120,1.868705711378127
ddim_quad,120,0.9528002267981073
ddim_quad,120,0.8641733557567651
ddim_quad,120,1.3033411279651903
ddim_quad,120,0.7126664309875061
ddim_quad,120,0.6043277385513357
ddim_quad,120,1.585006265401528
ddim_quad,120,0.9010096229748107
ddim_quad,120,1.8076406506144502
ddim_quad,120,1.5284082446233447
ddim_quad,120,2.1909374620196713
ddim_quad,120,0.45722603253230004
ddim_quad,120,1.5873585126523322
ddim_quad,120,0.935896822732144
ddim_quad,120,1.5281942367091783
ddim_quad,120,0.5858630638515812
ddim_quad,120,1.1214381212086721
ddim_quad,120,1.3410328225332953
ddim_quad,120,0.964933832251779
ddim_quad,120,1.7860630210362163
ddim_quad,120,1.3050277005006456
ddim_quad,120,0.6087596537607441
ddim_quad,120,0.7121780059235938
ddim_quad,120,0.5664167037030391
ddim_quad,120,1.2453710822488147
ddim_quad,120,1.1806987919342014
ddim_quad,120,0.931642351838969
ddim_quad,120,1.1498277479473245
ddim_quad,120,0.4190592047531582
ddim_quad,120,0.75343356637485
ddim_quad,120,0.5060187933259018
ddim_quad,120,0.8139105604310162
ddim_quad,120,1.3163648507518635
ddim_quad,120,1.4454472124597273
ddim_quad,120,1.139987758213468
ddim_quad,120,1.5848807787246157
ddim_quad,120,1.1676045785483626
ddim_quad,120,0.701795395390034
ddim_quad,120,1.4335957962896135
ddim_quad,120,1.0112570816891542
ddim_quad,120,0.6310938165610186
ddim_quad,120,0.8958845665045574
ddim_quad,120,0.884695880520802
ddim_quad,120,1.9808830637871453
ddim_quad,120,0.5167065941351701
ddim_quad,120,0.4051789770758967
ddim_quad,120,1.1165623965593634
ddim_quad,120,1.0821972208307338
ddim_quad,120,0.5734214644909285
ddim_quad,120,1.3485257370894213
ddim_quad,120,2.740464534964249
ddim_quad,120,0.9013334348719338
ddim_quad,120,0.9066769883682377
ddim_quad,120,1.0212197158860385
ddim_quad,120,0.5729769302642964
ddim_quad,120,1.1579247290223913
dpm1,10,7.1601791556397885
dpm1,10,7.824073296899887
dpm1,10,6.3069807195856855
dpm1,10,5.4268000947469055
dpm1,10,18.606912445443648
dpm1,10,12.21782571590463
dpm1,10,8.250604744017089
dpm1,10,11.145496206667778
dpm1,10,9.536344125586036
dpm1,10,9.858291759801187
dpm1,10,11.9901013652331
dpm1,10,10.601600926788134
dpm1,10,6.487008236488436
dpm1,10,6.39413118929456
dpm1,10,13.53364170455791
dpm1,10,10.270297769053355
dpm1,10,14.403788855693227
dpm1,10,11.441129809943774
dpm1,10,14.426209221032888
dpm1,10,5.201586155986813
dpm1,10,13.18701764445898
dpm1,10,9.703604858400135
dpm1,10,9.983940802693716
dpm1,10,7.980616562622443
dpm1,10,10.2080787337535
dpm1,10,12.468881526421614
dpm1,10,10.518778987392544
dpm1,10,7.24629811794595
dpm1,10,11.858270538557834
dpm1,10,8.092158114822638
dpm1,10,8.918151524214691
dpm1,10,4.810821214061826
dpm1,10,11.228625405791655
dpm1,10,11.33472655863678
dpm1,10,7.99409373728472
dpm1,10,10.893277987308046
dpm1,10,3.941841053373725
dpm1,10,8.017146292506805
dpm1,10,2.755538585572071
dpm1,10,9.243104710252098
dpm1,10,8.47809933729329
dpm1,10,12.229542029040994
dpm1,10,10.529449259599316
dpm1,10,13.859810978100327
dpm1,10,10.897399261412822
dpm1,10,7.252770516814058
dpm1,10,12.437055865580191
dpm1,10,9.483820918534366
dpm1,10,6.236550960555178
dpm1,10,8.629565757089042
dpm1,10,7.355235872413939
dpm1,10,9.639683054402315
dpm1,10,5.765138406324785
dpm1,10,3.410282485177291
dpm1,10,10.465400781611335
dpm1,10,9.679067881661101
dpm1,10,6.114610790191399
dpm1,10,11.96387726137001
dpm1,10,9.470624664055546
dpm1,10,9.015893572095637
dpm1,10,7.63234657846431
dpm1,10,9.44337709528106
dpm1,10,6.248959370642957
dpm1,10,11.11071055945639
dpm1,12,6.150631634777904
dpm1,12,6.438098645864118
dpm1,12,5.591268928014879
dpm1,12,4.837901369788606
dpm1,12,16.730159903117958
dpm1,12,10.44063658576136
dpm1,12,6.784684013877649
dpm1,12,9.87259357533421
dpm1,12,8.421757405331162
dpm1,12,8.433762707101085
dpm1,12,10.624657980025603
dpm1,12,9.365338273457471
dpm1,12,5.534240357980446
dpm1,12,5.609747417213886
dpm1,12,11.571129894553126
dpm1,12,9.430968839450353
dpm1,12,12.772396073767126
dpm1,12,10.085906778317003
dpm1,12,12.928403951645691
dpm1,12,4.6585553632286505
dpm1,12,11.632220110100883
dpm1,12,8.305488106225884
dpm1,12,8.732215945932904
dpm1,12,6.652891767014406
dpm1,12,9.096667340730036
dpm1,12,10.877303223959412
dpm1,12,8.849205497119286
dpm1,12,6.336810328208164
dpm1,12,10.33987225258284
dpm1,12,6.209976607965012
dpm1,12,7.547757349629183
dpm1,12,4.2198534204756175
dpm1,12,9.940416998759867
dpm1,12,9.916242446610285
dpm1,12,6.80206506864426
dpm1,12,9.237286713310253
dpm1,12,3.3966982317286143
dpm1,12,6.754846419052221
dpm1,12,2.198897503893643
dpm1,12,8.082781864764822
dpm1,12,7.493676771229182
dpm1,12,10.583114824056752
dpm1,12,9.639198327710828
dpm1,12,12.126008511603658
dpm1,12,9.284101634655316
dpm1,12,6.351529874708994
dpm1,12,10.824879417452411
dpm1,12,7.870923306222991
dpm1,12,5.401830923080596
dpm1,12,7.4715317725512165
dpm1,12,6.450753661644174
dpm1,12,8.579746688106262
dpm1,12,5.173862380626488
dpm1,12,2.948280921103521
dpm1,12,9.209993587142327
dpm1,12,8.90348332462075
dpm1,12,5.195877107113842
dpm1,12,10.47915216358221
dpm1,12,8.50765773581551
dpm1,12,7.7522460159292
dpm1,12,6.687006416969464
dpm1,12,8.208640996983375
dpm1,12,5.471601481951974
dpm1,12,9.978459427178164
dpm1,15,5.134126147740867
dpm1,15,5.340261215369563
dpm1,15,4.707114572365601
dpm1,15,4.089946654383933
dpm1,15,14.150651538161837
dpm1,15,8.595881679489263
dpm1,15,5.357754994189931
dpm1,15,8.27173471022035
dpm1,15,7.321508820508362
dpm1,15,6.856057360192026
dpm1,15,7.884811257296867
dpm1,15,7.597310047325892
dpm1,15,4.545121675595848
dpm1,15,4.659281484475184
dpm1,15,9.34912972928926
dpm1,15,8.550763870533725
dpm1,15,10.306111314067264
dpm1,15,8.595505300007742
dpm1,15,11.242347789831843
dpm1,15,3.947577470001889
dpm1,15,9.629896772927012
dpm1,15,6.7458832986396295
dpm1,15,7.40254503239654
dpm1,15,5.700981488032708
dpm1,15,7.827473605526839
dpm1,15,8.996018934976805
dpm1,15,6.890398196495289
dpm1,15,5.394337078026455
dpm1,15,8.677858941439743
dpm1,15,4.865395856472168
dpm1,15,6.413227732639864
dpm1,15,3.3363390684139453
dpm1,15,8.53172530334799
dpm1,15,8.210777823239003
dpm1,15,5.6262103356760935
dpm1,15,7.4675999339939505
dpm1,15,2.8186596584122796
dpm1,15,5.487147889589103
dpm1,15,1.8533522798609534
dpm1,15,6.698224673596697
dpm1,15,6.409397936039562
dpm1,15,8.725595203126499
dpm1,15,8.90364912034888
dpm1,15,10.123791537614814
dpm1,15,7.2341569670556165
dpm1,15,5.402107378099094
dpm1,15,8.932330238778652
dpm1,15,6.211488694391789
dpm1,15,4.562563104826882
dpm1,15,6.169399163449304
dpm1,15,5.482736609211412
dpm1,15,7.671476512809351
dpm1,15,4.296026004353908
dpm1,15,2.4448570921846584
dpm1,15,7.71069412726576
dpm1,15,8.320493206703738
dpm1,15,4.321051507121306
dpm1,15,8.672541372946462
dpm1,15,7.475111397145987
dpm1,15,6.43043772576382
dpm1,15,5.660187979441176
dpm1,15,6.765939126434558
dpm1,15,4.61845071940763
dpm1,15,8.73701261628883
dpm1,20,4.098064792638113
dpm1,20,4.12360191219331
dpm1,20,3.806686428137856
dpm1,20,3.3123656954867644
dpm1,20,11.5929695152006
dpm1,20,6.684753862837565
dpm1,20,4.064616086280481
dpm1,20,6.486982970708141
dpm1,20,6.339282981363722
dpm1,20,5.3781562622066605
dpm1,20,6.886565285893082
dpm1,20,6.024167577755118
dpm1,20,3.5312062542472153
dpm1,20,3.7292097769032924
dpm1,20,7.234332563598396
dpm1,20,6.814970565039911
dpm1,20,8.091531252789087
dpm1,20,7.113842153459865
dpm1,20,9.431038245201403
dpm1,20,3.2094156639645917
dpm1,20,7.6502841507571855
dpm1,20,5.293085386344358
dpm1,20,6.053470740008706
dpm1,20,4.43232060399183
dpm1,20,6.381428921932929
dpm1,20,7.216727629342404
dpm1,20,5.278917716575793
dpm1,20,4.451246472303805
dpm1,20,6.918713856497218
dpm1,20,3.632129763891989
dpm1,20,5.080937299244382
dpm1,20,2.7270283078832316
dpm1,20,6.871739752970833
dpm1,20,6.4579336016763635
dpm1,20,4.389257271986935
dpm1,20,5.787617530440182
dpm1,20,2.2752951011982083
dpm1,20,4.305058640252051
dpm1,20,1.437174626461098
dpm1,20,5.152141983522077
dpm1,20,5.247478925936584
dpm1,20,6.867761781129327
dpm1,20,7.811850188341119
dpm1,20,8.126489896716965
dpm1,20,5.63820546960834
dpm1,20,4.309330840127601
dpm1,20,7.117726299235283
dpm1,20,4.677845133638543
dpm1,20,3.653645696355971
dpm1,20,4.91658818114973
dpm1,20,4.460813509574843
dpm1,20,6.4329562340892545
dpm1,20,3.460895616689872
dpm1,20,1.9279771956366916
dpm1,20,6.159746314810227
dpm1,20,7.697918904911445
dpm1,20,3.4093229682858763
dpm1,20,6.919807854507764
dpm1,20,6.3524578923454085
dpm1,20,5.084343191121645
dpm1,20,4.70977675106059
dpm1,20,5.2513106099637525
dpm1,20,3.6884689511624065
dpm1,20,7.433779719609526
dpm1,30,2.914441552645349
dpm1,30,2.8231114656836542
dpm1,30,2.723852485380861
dpm1,30,2.380688234450799
dpm1,30,8.973911140080808
dpm1,30,4.652165335202057
dpm1,30,2.68575690331041
dpm1,30,4.433870448666012
dpm1,30,5.317530638247834
dpm1,30,3.750799633449244
dpm1,30,5.842182610155085
dpm1,30,4.342203957054978
dpm1,30,2.463973363586172
dpm1,30,2.623563504230574
dpm1,30,4.987806476170118
dpm1,30,4.5967768264360895
dpm1,30,5.818783555972246
dpm1,30,5.292429687570466
dpm1,30,7.1075181549024835
dpm1,30,2.3305109976328358
dpm1,30,5.403285987045892
dpm1,30,3.632029059896503
dpm1,30,4.556557913821027
dpm1,30,3.0126789909006355
dpm1,30,4.421710351002257
dpm1,30,5.104421829160003
dpm1,30,3.5063918642436014
dpm1,30,3.4537939944721425
dpm1,30,4.840381485350336
dpm1,30,2.422290406106018
dpm1,30,3.4660958270076803
dpm1,30,1.9497540919986354
dpm1,30,4.35906071450973
dpm1,30,4.500014004977861
dpm1,30,3.101476989336642
dpm1,30,3.9606051288773876
dpm1,30,1.6235409586011342
dpm1,30,2.9836047103847627
dpm1,30,1.0969102880854193
dpm1,30,3.3956856631528423
dpm1,30,3.8810413690349863
dpm1,30,4.800615265415131
dpm1,30,6.571877083241089
dpm1,30,5.743945210853945
dpm1,30,3.9927580463749717
dpm1,30,3.079033321470869
dpm1,30,4.975522295675058
dpm1,30,3.206996295612789
dpm1,30,2.6068169447401237
dpm1,30,3.4148927205815918
dpm1,30,3.1995088589169915
dpm1,30,4.624542402419239
dpm1,30,2.451559075479572
dpm1,30,1.3599360608598399
dpm1,30,4.373445715611241
dpm1,30,6.9601462345549585
dpm1,30,2.374627742989902
dpm1,30,4.89268526656037
dpm1,30,5.014949761806301
dpm1,30,3.5364951157284787
dpm1,30,3.6221858577658885
dpm1,30,3.622909317761397
dpm1,30,2.599792821281909
dpm1,30,5.41753530757299
dpm1,50,1.8842782319832314
dpm1,50,1.7026359700635005
dpm1,50,1.7491297978627043
dpm1,50,1.5194227524262036
dpm1,50,6.330946493920106
dpm1,50,2.8655801479168255
dpm1,50,1.614604674683076
dpm1,50,2.7268415160353516
dpm1,50,4.219989314407419
dpm1,50,2.3513163435957796
dpm1,50,2.169538164245305
dpm1,50,2.6909550039257555
dpm1,50,1.521158570238043
dpm1,50,1.6482459583994407
dpm1,50,3.113134069008413
dpm1,50,2.570727380456771
dpm1,50,3.801153907854168
dpm1,50,3.5628109495590445
dpm1,50,4.366779056661742
dpm1,50,1.5294377031058803
dpm1,50,3.3772531776798864
dpm1,50,2.233645912358378
dpm1,50,3.1538750487789433
dpm1,50,1.8445760050654247
dpm1,50,2.762073993423175
dpm1,50,3.2963519813030793
dpm1,50,2.1407944746831387
dpm1,50,2.606454548882724
dpm1,50,3.0044401148603095
dpm1,50,1.4512314410642064
dpm1,50,2.07734943915023
dpm1,50,1.2920598688003235
dpm1,50,2.6551701612674448
dpm1,50,2.8512016239733455
dpm1,50,1.917784428870418
dpm1,50,2.42788193740188
dpm1,50,1.0235893463477448
dpm1,50,1.8270592981739568
dpm1,50,0.7835052346548074
dpm1,50,2.0784420190010233
dpm1,50,2.6412484830963763
dpm1,50,2.9793564489636815
dpm1,50,3.7990392358735474
dpm1,50,3.6794556604675064
dpm1,50,2.5710168046648807
dpm1,50,1.950530506079105
dpm1,50,3.1043893644824063
dpm1,50,1.9371231231679658
dpm1,50,1.6689489596453086
dpm1,50,2.0964655436575677
dpm1,50,2.0588576705055526
dpm1,50,3.0106926414335904
dpm1,50,1.5410483372069224
dpm1,50,0.8536866882260852
dpm1,50,2.7566156861339834
dpm1,50,5.823041290383194
dpm1,50,1.4749527344879219
dpm1,50,3.04249087659908
dpm1,50,3.8938612045102023
dpm1,50,2.227567132662002
dpm1,50,2.5188999835408485
dpm1,50,2.235752360300962
dpm1,50,1.6431954885721585
dpm1,50,3.0340378937229975
dpm1,80,1.2371801866719077
dpm1,80,1.0723192103696848
dpm1,80,1.1222004517397808
dpm1,80,1.0048410847731568
dpm1,80,4.115186936447853
dpm1,80,1.811554042913595
dpm1,80,1.0126060014767218
dpm1,80,1.7480167181373132
dpm1,80,3.0756269137679926
dpm1,80,1.5165143448838627
dpm1,80,1.3278207315347614
dpm1,80,1.656021146247826
dpm1,80,0.9669356171545783
dpm1,80,1.0521325136726272
dpm1,80,2.0104568716598914
dpm1,80,1.5114963314056877
dpm1,80,2.490132336729408
dpm1,80,2.245357296577965
dpm1,80,2.6836097646065395
dpm1,80,1.0084747651825465
dpm1,80,2.165256518169993
dpm1,80,1.405649183816784
dpm1,80,2.2071834822538903
dpm1,80,1.174572036950063
dpm1,80,1.7865325498736628
dpm1,80,2.135679877265217
dpm1,80,1.3351683494355555
dpm1,80,2.064930682760669
dpm1,80,1.928755540550054
dpm1,80,0.9194991614962847
dpm1,80,1.3110776029132498
dpm1,80,0.8080759677952123
dpm1,80,1.6856280361666436
dpm1,80,1.8532963353361511
dpm1,80,1.2176271601930033
dpm1,80,1.5300626992816944
dpm1,80,0.6576264394753522
dpm1,80,1.1289012015426951
dpm1,80,0.556984636862705
dpm1,80,1.3146851783473934
dpm1,80,1.829526156364405
dpm1,80,1.8993318449162502
dpm1,80,1.7793587119524759
dpm1,80,2.4181563770924814
dpm1,80,1.7082840278253073
dpm1,80,1.2664718185923025
dpm1,80,1.9667509116933344
dpm1,80,1.206010023867694
dpm1,80,1.0854166046257714
dpm1,80,1.3305447575392193
dpm1,80,1.34105998374437
dpm1,80,2.094359629435261
dpm1,80,0.9838149969893788
dpm1,80,0.5407701922727716
dpm1,80,1.763986892901208
dpm1,80,2.7446039683823145
dpm1,80,0.9400498544220065
dpm1,80,1.947032158376201
dpm1,80,3.225962481836103
dpm1,80,1.4264993666486818
dpm1,80,1.6532958286336372
dpm1,80,1.4220059936121288
dpm1,80,1.0530530375122265
dpm1,80,1.87009196775896
dpm1,120,0.8730107416644798
dpm1,120,0.7273766786138965
dpm1,120,0.7775208695657401
dpm1,120,0.6872492630601656
dpm1,120,2.6883041981821783
dpm1,120,1.2266173526479
dpm1,120,0.6823108597927395
dpm1,120,1.1775732466041582
dpm1,120,1.9921163394709145
dpm1,120,1.0481285803929457
dpm1,120,0.8783983601732288
dpm1,120,1.1305265234867226
dpm1,120,0.6581831737259937
dpm1,120,0.7163802278843812
dpm1,120,1.4000427523695338
dpm1,120,1.013910028633908
dpm1,120,1.7132402260304844
dpm1,120,1.505941668345984
dpm1,120,1.819980856117581
dpm1,120,0.7042502641574016
dpm1,120,1.4896574305877652
dpm1,120,0.9512081093083513
dpm1,120,1.585117689863036
dpm1,120,0.7870663583868427
dpm1,120,1.2070698003138056
dpm1,120,1.4779806309996546
dpm1,120,0.9071283278000771
dpm1,120,1.636383034879174
dpm1,120,1.3218909312638025
dpm1,120,0.6205514197643165
dpm1,120,0.8770432331136336
dpm1,120,0.5704647362340106
dpm1,120,1.115851246343638
dpm1,120,1.278429590804611
dpm1,120,0.8265980012573699
dpm1,120,1.0265187668709443
dpm1,120,0.45165698852377373
dpm1,120,0.7607211762195767
dpm1,120,0.330247317563321
dpm1,120,0.9007229454795403
dpm1,120,1.3367445283629733
dpm1,120,1.3115548557053274
dpm1,120,1.0966934601462663
dpm1,120,1.6800151688478733
dpm1,120,1.1838211027122905
dpm1,120,0.8631144414820748
dpm1,120,1.3383680005210918
dpm1,120,0.819043377791771
dpm1,120,0.7485837038522783
dpm1,120,0.8973682149301719
dpm1,120,0.9273302554405245
dpm1,120,1.4710845678402675
dpm1,120,0.6711332066776579
dpm1,120,0.3697606865882726
dpm1,120,1.2076599547712705
dpm1,120,1.2719501787567151
dpm1,120,0.6462426207053774
dpm1,120,1.330205588667888
dpm1,120,2.7709464969345383
dpm1,120,0.9709969185649531
dpm1,120,1.1730991097627668
dpm1,120,0.9708739679112506
dpm1,120,0.7168246004053923
dpm1,120,1.2491156347299799
dpm2,10,20.91430780164492
dpm2,10,21.082256931605443
dpm2,10,15.038088654792162
dpm2,10,23.736141946775895
dpm2,10,18.82113098181958
dpm2,10,22.78302098982954
dpm2,10,17.4376029625046
dpm2,10,21.316739748107988
dpm2,10,24.70897471568464
dpm2,10,23.51420734733908
dpm2,10,26.50024254644757
dpm2,10,19.359976453716282
dpm2,10,18.883945785216056
dpm2,10,20.56770432313873
dpm2,10,32.396682398560735
dpm2,10,19.426566742521267
dpm2,10,23.86597650498989
dpm2,10,21.53116869186372
dpm2,10,28.76575305225897
dpm2,10,20.407316742865728
dpm2,10,32.38268499926689
dpm2,10,18.20159951856805
dpm2,10,30.195469593656266
dpm2,10,27.207847633425423
dpm2,10,14.656657371648262
dpm2,10,23.520658211041994
dpm2,10,18.96755244860681
dpm2,10,20.29583750229009
dpm2,10,20.437085113384622
dpm2,10,34.19345931271423
dpm2,10,21.560990379434237
dpm2,10,12.680877571409122
dpm2,10,31.91385183542243
dpm2,10,25.553199564052296
dpm2,10,24.85059629783731
dpm2,10,23.976226735348654
dpm2,10,14.800140248786207
dpm2,10,18.7267979618803
dpm2,10,26.626170541220056
dpm2,10,15.741648420521134
dpm2,10,29.62708237197351
dpm2,10,25.07694854271973
dpm2,10,23.754410361074527
dpm2,10,21.276097518354344
dpm2,10,17.8374896360062
dpm2,10,18.777799261152555
dpm2,10,19.026451161064358
dpm2,10,23.03437628576314
dpm2,10,26.719398992666523
dpm2,10,22.665626772928512
dpm2,10,21.56552248347923
dpm2,10,23.02810779278602
dpm2,10,24.621945079533464
dpm2,10,16.89769849267261
dpm2,10,17.942300561422165
dpm2,10,20.108493468182715
dpm2,10,17.664441535975776
dpm2,10,25.455306670106168
dpm2,10,16.008349553472033
dpm2,10,24.64280610919105
dpm2,10,21.259546806202653
dpm2,10,20.254481704636927
dpm2,10,17.813230463591157
dpm2,10,21.816672990562754
dpm2,12,12.344283457831544
dpm2,12,12.334213993515043
dpm2,12,8.522129251160571
dpm2,12,12.21293140689579
dpm2,12,11.579931145917545
dpm2,12,14.140638312186635
dpm2,12,10.50817968827364
dpm2,12,13.488437555952594
dpm2,12,13.599694155377364
dpm2,12,14.909383346837988
dpm2,12,16.330672833303833
dpm2,12,9.36555411025491
dpm2,12,10.356183202452776
dpm2,12,10.544042392223671
dpm2,12,20.695863494518434
dpm2,12,12.027635946228067
dpm2,12,15.552857045728082
dpm2,12,12.624334937098935
dpm2,12,20.836792087575148
dpm2,12,10.154434833517781
dpm2,12,17.864486657194004
dpm2,12,11.17184406843082
dpm2,12,16.298003409096225
dpm2,12,12.750625447038964
dpm2,12,10.389070234706795
dpm2,12,13.09482161274601
dpm2,12,11.218814183976674
dpm2,12,11.507078858013026
dpm2,12,11.622767066676621
dpm2,12,16.53472165051003
dpm2,12,11.744052252494384
dpm2,12,6.8424184677252375
dpm2,12,18.95492689572715
dpm2,12,14.615009468142004
dpm2,12,13.662264586160115
dpm2,12,12.377909231542834
dpm2,12,7.24988616304491
dpm2,12,8.524887774860675
dpm2,12,14.252770597780989
dpm2,12,6.84002938906841
dpm2,12,16.021414955436537
dpm2,12,15.384835546982226
dpm2,12,13.913982892107809
dpm2,12,12.26107786254705
dpm2,12,10.7824506095614
dpm2,12,9.714380436400287
dpm2,12,12.179885729061429
dpm2,12,12.933663555473006
dpm2,12,14.325024657280538
dpm2,12,13.738660486326571
dpm2,12,12.456185103243257
dpm2,12,14.623634703664964
dpm2,12,13.749287868573008
dpm2,12,9.353086220550892
dpm2,12,10.280271646777491
dpm2,12,12.744883365705729
dpm2,12,9.927201059926293
dpm2,12,13.993861641017133
dpm2,12,8.756956145061547
dpm2,12,13.372634447145012
dpm2,12,13.380566416341951
dpm2,12,13.515747028561163
dpm2,12,9.235716585642122
dpm2,12,12.539910371244849
dpm2,14,8.474980588650029
dpm2,14,7.755324962573285
dpm2,14,4.99360525388757
dpm2,14,6.4808822174778875
dpm2,14,8.557208029994683
dpm2,14,8.86982745152086
dpm2,14,5.619170615944042
dpm2,14,8.126807780522087
dpm2,14,9.758336933405525
dpm2,14,11.803840396536168
dpm2,14,10.098508837147293
dpm2,14,6.644492572845746
dpm2,14,6.030749209536485
dpm2,14,6.301217957360836
dpm2,14,12.011421015959526
dpm2,14,6.470719200407516
dpm2,14,8.884209525515637
dpm2,14,7.802262938345663
dpm2,14,14.767077403379862
dpm2,14,6.00198374574703
dpm2,14,11.883475902477937
dpm2,14,6.934557557921124
dpm2,14,11.18038630706389
dpm2,14,7.493919206715333
dpm2,14,6.352986364293821
dpm2,14,7.8246031515453485
dpm2,14,7.066213691123036
dpm2,14,6.5907933734453445
dpm2,14,6.707885864986775
dpm2,14,6.804463460596094
dpm2,14,7.218361761857403
dpm2,14,4.307595569179171
dpm2,14,13.591679805347695
dpm2,14,8.598858586284845
dpm2,14,7.7192417432393565
dpm2,14,8.308985036058365
dpm2,14,4.470593263864213
dpm2,14,5.221715837871869
dpm2,14,8.073300740241047
dpm2,14,5.2710763851443145
dpm2,14,9.717342538646392
dpm2,14,9.69297919923893
dpm2,14,8.227599803879562
dpm2,14,6.957348524960471
dpm2,14,6.6314964887689865
dpm2,14,6.170472598544642
dpm2,14,7.912437377751207
dpm2,14,8.016785151125417
dpm2,14,8.595901090822128
dpm2,14,8.479087019900273
dpm2,14,7.581371332306957
dpm2,14,9.578712262865293
dpm2,14,9.372998763670921
dpm2,14,5.817151639691405
dpm2,14,6.269876427711725
dpm2,14,6.373106387246696
dpm2,14,5.639759840736717
dpm2,14,8.656772811586928
dpm2,14,6.629743797948986
dpm2,14,7.900258919354864
dpm2,14,6.939084089165087
dpm2,14,8.361900553141624
dpm2,14,5.749421887299908
dpm2,14,7.811727705382299
dpm2,20,4.499206045509435
dpm2,20,3.072543584600958
dpm2,20,1.9689572849896888
dpm2,20,2.0552980688404756
dpm2,20,3.8510006301715562
dpm2,20,3.72935386197715
dpm2,20,2.3256964498549193
dpm2,20,2.8757596959770186
dpm2,20,3.428654445799084
dpm2,20,6.223721655918564
dpm2,20,4.380030789218739
dpm2,20,3.058715240512306
dpm2,20,2.541955425334921
dpm2,20,2.591534950754441
dpm2,20,6.030204499176334
dpm2,20,2.6126887709112108
dpm2,20,4.086897952913616
dpm2,20,3.108639590082037
dpm2,20,5.863976444207831
dpm2,20,1.9123959924041336
dpm2,20,4.851363993927983
dpm2,20,2.83840221751662
dpm2,20,4.770071453309595
dpm2,20,2.760894110802391
dpm2,20,3.077302991452078
dpm2,20,2.3412316732602227
dpm2,20,3.1908000328968464
dpm2,20,2.861067540801055
dpm2,20,3.0012927593277703
dpm2,20,2.739545501663599
dpm2,20,3.9558019337135186
dpm2,20,1.8537762288160795
dpm2,20,4.686419937048711
dpm2,20,3.560208327883787
dpm2,20,3.290680253716922
dpm2,20,3.359101945953536
dpm2,20,1.6089347966199117
dpm2,20,2.334292084548661
dpm2,20,2.992771844199941
dpm2,20,2.011244861316417
dpm2,20,4.05678783304803
dpm2,20,4.293113490224279
dpm2,20,3.095063550992815
dpm2,20,3.056162492854795
dpm2,20,3.057135891328391
dpm2,20,2.2198309824934195
dpm2,20,3.4484881959681415
dpm2,20,3.429588069891574
dpm2,20,3.213384007495574
dpm2,20,3.926139650269353
dpm2,20,2.9811001729543958
dpm2,20,4.686170370123348
dpm2,20,2.371426833858138
dpm2,20,2.0724478478826613
dpm2,20,2.662308965839969
dpm2,20,2.5954566575832456
dpm2,20,2.182210964087483
dpm2,20,3.798191970294567
dpm2,20,2.90421033735496
dpm2,20,3.3955743914286023
dpm2,20,2.5593435457472937
dpm2,20,4.846837149936431
dpm2,20,1.913969509137135
dpm2,20,3.1561235280193007
dpm2,30,1.3463197876155817
dpm2,30,0.9061807897800527
dpm2,30,0.786399396218161
dpm2,30,0.767969744533309
dpm2,30,1.6093663034575438
dpm2,30,1.2754338819093052
dpm2,30,0.8760015836938178
dpm2,30,1.1000786575899713
dpm2,30,1.2454913325465324
dpm2,30,2.7411414371673044
dpm2,30,1.6028681551373887
dpm2,30,0.913456756429168
dpm2,30,0.8356078831630382
dpm2,30,0.8766406146469256
dpm2,30,2.1327286802355347
dpm2,30,1.0612187188553686
dpm2,30,1.3474545593734262
dpm2,30,1.153658730843664
dpm2,30,1.7857922229355603
dpm2,30,0.8217461038670382
dpm2,30,1.6405720404874526
dpm2,30,1.0944849434413007
dpm2,30,1.6027083436775227
dpm2,30,0.9049250716474065
dpm2,30,1.1168262618235305
dpm2,30,0.9206922797921016
dpm2,30,1.2060173830239438
dpm2,30,1.1362675069303267
dpm2,30,1.0395825054173076
dpm2,30,1.0571406984552514
dpm2,30,1.4666170203946993
dpm2,30,0.6611026682918411
dpm2,30,1.6100230758806695
dpm2,30,1.3020441818684432
dpm2,30,1.0990827798207872
dpm2,30,1.3092740167342738
dpm2,30,0.5483888682784761
dpm2,30,0.8392056596001193
dpm2,30,1.0562981538340226
dpm2,30,0.6805759595779005
dpm2,30,1.575087646586721
dpm2,30,1.5363188086033313
dpm2,30,1.1908661544379047
dpm2,30,1.1869681674374952
dpm2,30,1.0724154108834403
dpm2,30,0.8177493041820196
dpm2,30,1.127460102996776
dpm2,30,1.130764116342884
dpm2,30,1.2065047664521016
dpm2,30,1.0957574086403987
dpm2,30,1.0527439818222837
dpm2,30,1.9887568056031555
dpm2,30,0.8532501634179926
dpm2,30,0.7170100689596391
dpm2,30,0.9847569510723075
dpm2,30,0.9899091836499883
dpm2,30,0.8006977424631407
dpm2,30,1.4042117587844407
dpm2,30,1.155127707168512
dpm2,30,1.2262435174724156
dpm2,30,1.4132757468216737
dpm2,30,1.5738069703458681
dpm2,30,0.7124261070282413
dpm2,30,1.1668379544488483
dpm2,50,0.4563864762804289
dpm2,50,0.2980930807302817
dpm2,50,0.24879701431495216
dpm2,50,0.2491289153459069
dpm2,50,0.6326654088197281
dpm2,50,0.42490244246768627
dpm2,50,0.302850680371307
dpm2,50,0.39950349220599857
dpm2,50,0.4101652966494543
dpm2,50,0.8956931845191843
dpm2,50,0.4345606224671711
dpm2,50,0.33918963776002975
dpm2,50,0.2920887253979623
dpm2,50,0.3045014787317614
dpm2,50,0.7008283098323187
dpm2,50,0.39749834402719414
dpm2,50,0.41233317378251955
dpm2,50,0.394608577879692
dpm2,50,0.6581195791100498
dpm2,50,0.23099880375513415
dpm2,50,0.5248229118270943
dpm2,50,0.3846327145478759
dpm2,50,0.5212858291940624
dpm2,50,0.2832284543598656
dpm2,50,0.3914676193475804
dpm2,50,0.32192377806066086
dpm2,50,0.4085906720591255
dpm2,50,0.40908923054057034
dpm2,50,0.3290617306793877
dpm2,50,0.3311442924398145
dpm2,50,0.5144481689646495
dpm2,50,0.21443980460683237
dpm2,50,0.6467968460896264
dpm2,50,0.4333905719360622
dpm2,50,0.3658811057876804
dpm2,50,0.46347188081794854
dpm2,50,0.20775786380724884
dpm2,50,0.2968808009516726
dpm2,50,0.32687272213442264
dpm2,50,0.24893092386424623
dpm2,50,0.5249492546798382
dpm2,50,0.5165246573511191
dpm2,50,0.356634738511433
dpm2,50,0.4404652956953528
dpm2,50,0.3723789446224254
dpm2,50,0.2740959127709421
dpm2,50,0.39302275585713903
dpm2,50,0.3589052967927759
dpm2,50,0.3819274978691977
dpm2,50,0.4084674761182746
dpm2,50,0.3411640624754637
dpm2,50,0.7753355239405532
dpm2,50,0.26436111911852817
dpm2,50,0.22687026717636036
dpm2,50,0.35323025498803734
dpm2,50,0.3692134666892356
dpm2,50,0.2727892970616912
dpm2,50,0.42690679894577965
dpm2,50,0.46798639999288544
dpm2,50,0.3993532108927495
dpm2,50,0.4106058815945185
dpm2,50,0.520603182734277
dpm2,50,0.23211986250106606
dpm2,50,0.39897709620274546
dpm2,80,0.23154922873141093
dpm2,80,0.11814283771921703
dpm2,80,0.15227900417946375
dpm2,80,0.08658205847291327
dpm2,80,0.41406261225211133
dpm2,80,0.21764372306001095
dpm2,80,0.15377397377405874
dpm2,80,0.17001068400749084
dpm2,80,0.1948947601905204
dpm2,80,0.3163428967924532
dpm2,80,0.12024308757273522
dpm2,80,0.23496723070012257
dpm2,80,0.1251078061896286
dpm2,80,0.16949422802188815
dpm2,80,0.45628311133544924
dpm2,80,0.16004607770932244
dpm2,80,0.266646655083272
dpm2,80,0.23362918135640445
dpm2,80,0.31447112760012313
dpm2,80,0.06422368705853501
dpm2,80,0.29138151334460344
dpm2,80,0.20344725051130108
dpm2,80,0.18720355211683665
dpm2,80,0.06433475385681177
dpm2,80,0.1340563084796818
dpm2,80,0.2671557074317294
dpm2,80,0.250275651232521
dpm2,80,0.22630348989479093
dpm2,80,0.1779952318548984
dpm2,80,0.09516317762035394
dpm2,80,0.24016411907387955
dpm2,80,0.31985404388828353
dpm2,80,0.40038090301535595
dpm2,80,0.2304426185060128
dpm2,80,0.15580167027965847
dpm2,80,0.21057523791169597
dpm2,80,0.09752484464190227
dpm2,80,0.17351438170076378
dpm2,80,0.06820249374302945
dpm2,80,0.12026601025386596
dpm2,80,0.2210747032473162
dpm2,80,0.27177228485344856
dpm2,80,0.205053062578616
dpm2,80,0.2474064243990801
dpm2,80,0.17578714431269007
dpm2,80,0.08072428210149242
dpm2,80,0.25675297234133293
dpm2,80,0.18663704278869014
dpm2,80,0.09909787872331208
dpm2,80,0.18838951950836774
dpm2,80,0.12882720003361733
dpm2,80,0.17728670722687281
dpm2,80,0.09010111563021113
dpm2,80,0.09660856712987456
dpm2,80,0.17808896466937
dpm2,80,0.14352424797227187
dpm2,80,0.12287920231728112
dpm2,80,0.24168970718332045
dpm2,80,0.2412393255994512
dpm2,80,0.18254416099720988
dpm2,80,0.2286273897985642
dpm2,80,0.22699291654339926
dpm2,80,0.07755217238668502
dpm2,80,0.17346781761007296
dpm2,120,0.06113866832733858
dpm2,120,0.04890944870155264
dpm2,120,0.05599782269810003
dpm2,120,0.06365840941125718
dpm2,120,0.08948889097417422
dpm2,120,0.07317826744268971
dpm2,120,0.05625181774098539
dpm2,120,0.07682365584273593
dpm2,120,0.07475152080528612
dpm2,120,0.12995002068814268
dpm2,120,0.0802274430504729
dpm2,120,0.07212784481934573
dpm2,120,0.05041955485379532
dpm2,120,0.06274140050774697
dpm2,120,0.13885034441807534
dpm2,120,0.06302533269247351
dpm2,120,0.0680967120762344
dpm2,120,0.06479971641967112
dpm2,120,0.08205906784669495
dpm2,120,0.07220589010014496
dpm2,120,0.08333428309652156
dpm2,120,0.07991365212803594
dpm2,120,0.07638538244859285
dpm2,120,0.06280743868491874
dpm2,120,0.060768023884722924
dpm2,120,0.06565063011992642
dpm2,120,0.06670070014245266
dpm2,120,0.05628682857654037
dpm2,120,0.05766754694016942
dpm2,120,0.05372061656731481
dpm2,120,0.09647003506060545
dpm2,120,0.03510461928511545
dpm2,120,0.07681939574913037
dpm2,120,0.07524265998763315
dpm2,120,0.053220066340251115
dpm2,120,0.07319200217882153
dpm2,120,0.05488340618406664
dpm2,120,0.0563191840076167
dpm2,120,0.06114539254207133
dpm2,120,0.03826494958406462
dpm2,120,0.08007982200275383
dpm2,120,0.06569978094580325
dpm2,120,0.062078833916815866
dpm2,120,0.0659917467162558
dpm2,120,0.0744931290370259
dpm2,120,0.05463578606073359
dpm2,120,0.07107615630121918
dpm2,120,0.059202428551533647
dpm2,120,0.06928528291292858
dpm2,120,0.055464045380724844
dpm2,120,0.06938540973092515
dpm2,120,0.13568623169063082
dpm2,120,0.06204916711703856
dpm2,120,0.056182654460058094
dpm2,120,0.06071232191693128
dpm2,120,0.10124757821380953
dpm2,120,0.05762170334570629
dpm2,120,0.08183320400380703
dpm2,120,0.08088424732674533
dpm2,120,0.06639929806285749
dpm2,120,0.1608387491033339
dpm2,120,0.07495890279661106
dpm2,120,0.06281354879151987
dpm2,120,0.06162050252123721
dpm3,9,40.08640883190492
dpm3,9,31.416078702670877
dpm3,9,39.28054671320815
dpm3,9,33.455911187186445
dpm3,9,27.325483585342177
dpm3,9,32.990876296753484
dpm3,9,37.15360351764697
dpm3,9,40.38904823954672
dpm3,9,35.68959440526293
dpm3,9,32.1110286830543
dpm3,9,41.40076041731816
dpm3,9,27.162363940342956
dpm3,9,29.4506643962119
dpm3,9,38.26825540451383
dpm3,9,24.310249069919543
dpm3,9,38.99939059144893
dpm3,9,31.508720178996768
dpm3,9,35.93472118765791
dpm3,9,35.39369316776374
dpm3,9,43.81639223975899
dpm3,9,25.258053722733976
dpm3,9,36.56670385710861
dpm3,9,39.13465893430021
dpm3,9,37.38131547635644
dpm3,9,36.98575688034996
dpm3,9,45.793628762285486
dpm3,9,28.723461151909802
dpm3,9,31.468018189549426
dpm3,9,25.373145827340085
dpm3,9,37.43252723008232
dpm3,9,34.02670940457589
dpm3,9,33.23381357423877
dpm3,9,22.551738518293785
dpm3,9,32.565677609500746
dpm3,9,32.03794606594928
dpm3,9,43.99332023628897
dpm3,9,42.45605847970038
dpm3,9,30.35147420915857
dpm3,9,41.037785316415324
dpm3,9,41.095064759016324
dpm3,9,44.187506960433296
dpm3,9,35.352050054999005
dpm3,9,40.17477550020661
dpm3,9,34.49720953081059
dpm3,9,32.09201480607029
dpm3,9,34.718292434276236
dpm3,9,23.28560968308281
dpm3,9,36.422488287697284
dpm3,9,44.00315940333536
dpm3,9,31.28115466511038
dpm3,9,46.382670999883366
dpm3,9,39.652382736326494
dpm3,9,41.8147693075876
dpm3,9,41.13900248342806
dpm3,9,29.680355779453688
dpm3,9,36.74336082230544
dpm3,9,38.71942056478893
dpm3,9,27.27888140775165
dpm3,9,38.21451125675114
dpm3,9,38.44740055557565
dpm3,9,35.81875895611396
dpm3,9,31.976510494687968
dpm3,9,40.751366289333966
dpm3,9,30.21243250355782
dpm3,12,15.857083355270884
dpm3,12,10.838134997599964
dpm3,12,11.194721359201308
dpm3,12,14.436414190273013
dpm3,12,9.725005805873762
dpm3,12,13.149679744158506
dpm3,12,15.111915881502695
dpm3,12,16.850216734681208
dpm3,12,13.101101719362152
dpm3,12,13.3860402414089
dpm3,12,17.89811965467974
dpm3,12,10.828623945025287
dpm3,12,7.610120288296417
dpm3,12,15.469644817893483
dpm3,12,9.395157092820797
dpm3,12,13.285751016321662
dpm3,12,9.196236592553959
dpm3,12,17.04613554141599
dpm3,12,16.754186816576873
dpm3,12,16.481055509439066
dpm3,12,9.500382524483939
dpm3,12,12.767560897426574
dpm3,12,15.963797552631325
dpm3,12,16.61475955807534
dpm3,12,14.294972729452502
dpm3,12,11.730546510532955
dpm3,12,11.478085963337199
dpm3,12,11.103920977670974
dpm3,12,8.18576733483519
dpm3,12,20.579500183459846
dpm3,12,17.1865549403068
dpm3,12,13.721041144876214
dpm3,12,12.02642383609637
dpm3,12,11.884672040711797
dpm3,12,12.869915571033218
dpm3,12,14.590929631796772
dpm3,12,12.830733497135906
dpm3,12,11.49686393756846
dpm3,12,16.92937059341581
dpm3,12,12.513704210445386
dpm3,12,19.73934650814905
dpm3,12,11.197926803187924
dpm3,12,19.181114605067915
dpm3,12,12.933040561974007
dpm3,12,10.677493649182844
dpm3,12,11.598819613073132
dpm3,12,7.377180195837538
dpm3,12,13.166656883884789
dpm3,12,21.24039229070928
dpm3,12,10.937386121341103
dpm3,12,17.853942564276956
dpm3,12,15.662976198401703
dpm3,12,17.608561739025284
dpm3,12,13.022856957823668
dpm3,12,8.615027139166202
dpm3,12,18.10136866588419
dpm3,12,12.28637955065642
dpm3,12,9.885517407853259
dpm3,12,13.465373734851942
dpm3,12,15.598728180018414
dpm3,12,14.747337516392824
dpm3,12,10.45389291675712
dpm3,12,12.897006985454738
dpm3,12,11.861020328670167
dpm3,15,6.358882014360739
dpm3,15,4.28895646339002
dpm3,15,5.30643820207729
dpm3,15,7.006226704902158
dpm3,15,6.240441236698233
dpm3,15,4.300143447174079
dpm3,15,4.481882707472692
dpm3,15,7.926513633361303
dpm3,15,5.600680144393188
dpm3,15,5.2806886849093155
dpm3,15,8.069714325198557
dpm3,15,3.111444385402809
dpm3,15,3.108685163185972
dpm3,15,6.818825602547193
dpm3,15,3.7534223501575803
dpm3,15,4.87719894766758
dpm3,15,4.05196327781466
dpm3,15,6.191688246557845
dpm3,15,5.477849239426207
dpm3,15,7.982636813210403
dpm3,15,3.422729276406968
dpm3,15,4.453490107467435
dpm3,15,7.114953711873209
dpm3,15,6.62709649837668
dpm3,15,6.3192918729360175
dpm3,15,6.724913670276431
dpm3,15,5.465596779664093
dpm3,15,4.9432846559189505
dpm3,15,4.6767697803321235
dpm3,15,8.896065410217641
dpm3,15,6.201415657551921
dpm3,15,8.381681798449046
dpm3,15,8.354335284037512
dpm3,15,4.474346100993515
dpm3,15,4.644704777199199
dpm3,15,5.6705063146620285
dpm3,15,5.047347590149014
dpm3,15,3.891333213122229
dpm3,15,7.320095714369476
dpm3,15,5.134517510515198
dpm3,15,7.89357022691924
dpm3,15,5.018461724380868
dpm3,15,10.334950076172483
dpm3,15,5.209873786838358
dpm3,15,4.61049541431254
dpm3,15,5.070285349611263
dpm3,15,2.8081246776877955
dpm3,15,4.2636766190615205
dpm3,15,8.863005266242956
dpm3,15,4.243476264260819
dpm3,15,6.549586023656068
dpm3,15,9.338916782404747
dpm3,15,7.687359154599737
dpm3,15,5.638424029955989
dpm3,15,2.8108763047939647
dpm3,15,10.627974131004512
dpm3,15,4.28058627273491
dpm3,15,3.607179024365338
dpm3,15,5.500782256300979
dpm3,15,5.452875395032427
dpm3,15,7.199824561333895
dpm3,15,3.9171201476875135
dpm3,15,5.187568643980651
dpm3,15,6.349699397574774
dpm3,18,3.089581049808628
dpm3,18,2.3351686815297477
dpm3,18,2.656765057422411
dpm3,18,3.047744113547243
dpm3,18,1.7739308299691856
dpm3,18,2.547906979305114
dpm3,18,2.0596411864166533
dpm3,18,3.9412404219065555
dpm3,18,3.3961051725871205
dpm3,18,2.3980876200861476
dpm3,18,4.046705132337877
dpm3,18,1.2744294150228632
dpm3,18,1.6831113412017389
dpm3,18,3.004583770771791
dpm3,18,2.2440663454384135
dpm3,18,3.262772073367479
dpm3,18,2.061659072153806
dpm3,18,3.000452628436455
dpm3,18,3.119425458037561
dpm3,18,4.023280682107699
dpm3,18,1.4243809727648626
dpm3,18,2.2050800791557217
dpm3,18,3.2957219840326064
dpm3,18,3.7506972562091963
dpm3,18,2.899981596549388
dpm3,18,3.2790507379550053
dpm3,18,2.627999907885436
dpm3,18,2.7917178321247
dpm3,18,1.8276099199010891
dpm3,18,3.0674979306640826
dpm3,18,3.751227499405367
dpm3,18,5.661144281976085
dpm3,18,5.430382667871159
dpm3,18,2.6324181687442074
dpm3,18,2.3956102876924428
dpm3,18,2.709925596602986
dpm3,18,2.417968522551345
dpm3,18,1.7747442023296087
dpm3,18,3.4339169187122414
dpm3,18,2.8422645966323907
dpm3,18,4.136446093146525
dpm3,18,2.763015137889554
dpm3,18,6.737938401101877
dpm3,18,2.6027630522364844
dpm3,18,3.071264901246834
dpm3,18,2.339977918355702
dpm3,18,1.7869136295450019
dpm3,18,1.9830356677232883
dpm3,18,4.055771176176417
dpm3,18,2.2236921120953332
dpm3,18,3.2660461953632995
dpm3,18,6.54361730529955
dpm3,18,3.6342297272788855
dpm3,18,2.8019327673479775
dpm3,18,1.8691870763355662
dpm3,18,8.097494133464835
dpm3,18,2.358333782480487
dpm3,18,2.255914757022046
dpm3,18,3.7140142717970934
dpm3,18,2.698901989136087
dpm3,18,4.401801276633489
dpm3,18,2.107811544473362
dpm3,18,2.6349453900832516
dpm3,18,2.0746118353393217
dpm3,30,0.3045041160007309
dpm3,30,0.48054912745993156
dpm3,30,0.18177254188777156
dpm3,30,0.2583265553754969
dpm3,30,0.9364654958332417
dpm3,30,0.45588158126828515
dpm3,30,0.28293670256921677
dpm3,30,0.47135229832844494
dpm3,30,0.46873584696523274
dpm3,30,0.4269804575542893
dpm3,30,0.6476410787079024
dpm3,30,0.46226159114756116
dpm3,30,0.26044410226464193
dpm3,30,0.32957824891482745
dpm3,30,0.6033634241429947
dpm3,30,0.5027874965831843
dpm3,30,0.375661244028385
dpm3,30,0.3934665566498486
dpm3,30,0.4584250175073209
dpm3,30,0.4637550700338616
dpm3,30,0.5153080114913768
dpm3,30,0.4572641715913316
dpm3,30,0.7441838006481991
dpm3,30,0.5175254498410715
dpm3,30,0.5429519564104857
dpm3,30,0.9275494011588622
dpm3,30,0.2873291841183477
dpm3,30,0.5235031447979417
dpm3,30,0.6612269687988992
dpm3,30,0.34943501555244977
dpm3,30,1.0725046351795209
dpm3,30,0.3333786369935317
dpm3,30,0.39898730097300933
dpm3,30,0.7226796505360678
dpm3,30,0.31941065117428585
dpm3,30,0.3468863201431546
dpm3,30,0.22593330367006392
dpm3,30,0.26774890337565926
dpm3,30,0.39749104231478544
dpm3,30,0.6899730215927543
dpm3,30,0.6585951253137082
dpm3,30,0.7295888468191702
dpm3,30,1.3461956828387338
dpm3,30,0.3201035740178027
dpm3,30,0.8259909658142391
dpm3,30,0.22666149305881098
dpm3,30,0.2876867851953161
dpm3,30,0.3563342890139645
dpm3,30,0.3603695146534429
dpm3,30,0.47075892682020737
dpm3,30,0.34372286662449303
dpm3,30,1.429305712721153
dpm3,30,0.3623204096866236
dpm3,30,0.2719483901556682
dpm3,30,0.27009506866390254
dpm3,30,0.663158076526739
dpm3,30,0.3011291180048361
dpm3,30,0.43209599657890196
dpm3,30,0.4153793996883767
dpm3,30,0.5511812266510822
dpm3,30,0.5686009474777124
dpm3,30,0.4593713624827506
dpm3,30,0.2833339433663986
dpm3,30,0.4684260070543095
dpm3,48,0.1325164327098025
dpm3,48,0.08507043707990695
dpm3,48,0.06769125288668643
dpm3,48,0.05843974252562391
dpm3,48,0.18128853098423922
dpm3,48,0.062426148162506044
dpm3,48,0.0664880193936711
dpm3,48,0.13226317887512745
dpm3,48,0.06108553682280174
dpm3,48,0.0885563754336501
dpm3,48,0.10921668385574718
dpm3,48,0.11342765373802789
dpm3,48,0.07594034741810567
dpm3,48,0.05536057727361905
dpm3,48,0.24202103830699442
dpm3,48,0.13054661896992212
dpm3,48,0.058266453714498574
dpm3,48,0.17280865777520474
dpm3,48,0.16710083631812794
dpm3,48,0.08110501937683652
dpm3,48,0.14767414144928437
dpm3,48,0.12305456710331782
dpm3,48,0.1844230280896606
dpm3,48,0.2749974752167849
dpm3,48,0.07408261362570717
dpm3,48,0.2350361682020286
dpm3,48,0.09593675087348826
dpm3,48,0.09698797696070482
dpm3,48,0.18994866507135122
dpm3,48,0.06908522298915382
dpm3,48,0.13551679970934183
dpm3,48,0.14813022350143723
dpm3,48,0.12536629528404344
dpm3,48,0.13844068574979734
dpm3,48,0.07832645455179484
dpm3,48,0.11147372416129797
dpm3,48,0.06719457979124807
dpm3,48,0.06887208740052306
dpm3,48,0.07107040726087914
dpm3,48,0.17374726166447974
dpm3,48,0.1725712515106184
dpm3,48,0.1194121666901004
dpm3,48,0.32538821110272875
dpm3,48,0.13375351588055726
dpm3,48,0.27093505199280177
dpm3,48,0.04308658766077957
dpm3,48,0.12927762053217876
dpm3,48,0.04766357453190495
dpm3,48,0.06949583927089288
dpm3,48,0.09949407653137977
dpm3,48,0.08346114020124304
dpm3,48,0.24533572116228175
dpm3,48,0.06614145570097835
dpm3,48,0.08372051243086528
dpm3,48,0.07744986748848952
dpm3,48,0.3436641907852026
dpm3,48,0.11677007776762226
dpm3,48,0.07879212266170398
dpm3,48,0.15036671248443478
dpm3,48,0.16691578133413026
dpm3,48,0.17741451341176717
dpm3,48,0.1158645736951312
dpm3,48,0.05586548417517154
dpm3,48,0.145405570741918
dpm3,78,0.1393088908759689
dpm3,78,0.06535181976368845
dpm3,78,0.16116456614223398
dpm3,78,0.14206653467931898
dpm3,78,0.1836242466578408
dpm3,78,0.12810882717221278
dpm3,78,0.10577536612649148
dpm3,78,0.2042927261408474
dpm3,78,0.04610849757549188
dpm3,78,0.11049955754750714
dpm3,78,0.12379479085594976
dpm3,78,0.2291491769131921
dpm3,78,0.0299351554156238
dpm3,78,0.1621631666379075
dpm3,78,0.16575790864389783
dpm3,78,0.07603979250818457
dpm3,78,0.1198981240921755
dpm3,78,0.1339694838478883
dpm3,78,0.18072669671934888
dpm3,78,0.1843038653436019
dpm3,78,0.1757402406550683
dpm3,78,0.13059063203692242
dpm3,78,0.08566059352649942
dpm3,78,0.11993611586802429
dpm3,78,0.08833493678797
dpm3,78,0.2156646835051572
dpm3,78,0.10836206187417835
dpm3,78,0.11997427056521373
dpm3,78,0.0693174759591158
dpm3,78,0.1640139199043886
dpm3,78,0.1343700673557977
dpm3,78,0.41037012595315603
dpm3,78,0.5044712755395421
dpm3,78,0.09141899330033779
dpm3,78,0.06824241637272721
dpm3,78,0.09936409094337506
dpm3,78,0.08132865479658528
dpm3,78,0.08298947792367913
dpm3,78,0.11544069796137095
dpm3,78,0.14324375358154212
dpm3,78,0.13788283839147328
dpm3,78,0.1068340976152969
dpm3,78,0.24449363100226032
dpm3,78,0.07343447526658814
dpm3,78,0.18753657758278067
dpm3,78,0.07826555519663388
dpm3,78,0.11671407750754366
dpm3,78,0.10890466159468169
dpm3,78,0.1706197248763352
dpm3,78,0.08747293620959656
dpm3,78,0.1125870886112447
dpm3,78,0.23288114608279176
dpm3,78,0.16510780045099407
dpm3,78,0.12516116101093835
dpm3,78,0.07840919034103364
dpm3,78,0.21886515891580116
dpm3,78,0.06295342110328989
dpm3,78,0.0781718332650246
dpm3,78,0.1537113413605141
dpm3,78,0.09276024425596707
dpm3,78,0.151859000714849
dpm3,78,0.1446169459204086
dpm3,78,0.09517933627343957
dpm3,78,0.06643475495409941
dpm3,120,0.0428948776525633
dpm3,120,0.013964913473212033
dpm3,120,0.011957522381896884
dpm3,120,0.029245322229328824
dpm3,120,0.05829522417730453
dpm3,120,0.027676935449407393
dpm3,120,0.05267963080409281
dpm3,120,0.03305767600895977
dpm3,120,0.04144648359176012
dpm3,120,0.028476693486480135
dpm3,120,0.03426958403171717
dpm3,120,0.05199587864996875
dpm3,120,0.018737552957991187
dpm3,120,0.012225720083650173
dpm3,120,0.07317411005529241
dpm3,120,0.06619029178063819
dpm3,120,0.043446789562934206
dpm3,120,0.036967717561048635
dpm3,120,0.08041752479256882
dpm3,120,0.03328912360627667
dpm3,120,0.07575906273455159
dpm3,120,0.03688286647063086
dpm3,120,0.021404865414994992
dpm3,120,0.026086067259981447
dpm3,120,0.023126783600379532
dpm3,120,0.04689663189205982
dpm3,120,0.03039174771386382
dpm3,120,0.03948315256621017
dpm3,120,0.03230736789891032
dpm3,120,0.0147935945462391
dpm3,120,0.04562309642169888
dpm3,120,0.044016101680936774
dpm3,120,0.03893823948724137
dpm3,120,0.0406568167055855
dpm3,120,0.017687582920273844
dpm3,120,0.029509491604760754
dpm3,120,0.01601347873860798
dpm3,120,0.02282864364153955
dpm3,120,0.009857876532716204
dpm3,120,0.04836485188819856
dpm3,120,0.028583341925405147
dpm3,120,0.07180668882809892
dpm3,120,0.0841452962883626
dpm3,120,0.04668222484102608
dpm3,120,0.06408576431154858
dpm3,120,0.01795848083726547
dpm3,120,0.03807145448258505
dpm3,120,0.023890385122588592
dpm3,120,0.013024477379049602
dpm3,120,0.0394032832354823
dpm3,120,0.013756709011530458
dpm3,120,0.06864168751611656
dpm3,120,0.010988019794200868
dpm3,120,0.02097388579410699
dpm3,120,0.023192549418498232
dpm3,120,0.035434344206638074
dpm3,120,0.017190266007136176
dpm3,120,0.037281075948762496
dpm3,120,0.041145645248658234
dpm3,120,0.030929539002778048
dpm3,120,0.10107035991234603
dpm3,120,0.018909632224235615
dpm3,120,0.009467935502450616
dpm3,120,0.03513302747903907
dpm_fast,10,15.95672452092239
dpm_fast,10,10.846462318970943
dpm_fast,10,11.276363742864795
dpm_fast,10,14.568415666016689
dpm_fast,10,9.7583177107628
dpm_fast,10,13.219832963917616
dpm_fast,10,15.191168887657035
dpm_fast,10,16.883872373734654
dpm_fast,10,13.117755734444282
dpm_fast,10,13.445091335944408
dpm_fast,10,18.013368858942037
dpm_fast,10,10.808048787057201
dpm_fast,10,7.634941528076411
dpm_fast,10,15.545200818139806
dpm_fast,10,9.436515649667722
dpm_fast,10,13.31893983508688
dpm_fast,10,9.206227198563889
dpm_fast,10,17.16059274518321
dpm_fast,10,16.86886137488353
dpm_fast,10,16.589935635260666
dpm_fast,10,9.475196636954013
dpm_fast,10,12.814843773620279
dpm_fast,10,15.993754847815183
dpm_fast,10,16.661937386910044
dpm_fast,10,14.392986948309115
dpm_fast,10,11.771025374251765
dpm_fast,10,11.512479396929008
dpm_fast,10,11.125332517209978
dpm_fast,10,8.135903189829662
dpm_fast,10,20.67206981254528
dpm_fast,10,17.244580004915875
dpm_fast,10,13.791552469661477
dpm_fast,10,12.185218840000967
dpm_fast,10,11.928018040355393
dpm_fast,10,12.940359708385072
dpm_fast,10,14.632075828955509
dpm_fast,10,12.914684737152148
dpm_fast,10,11.518328715630426
dpm_fast,10,16.961148334851583
dpm_fast,10,12.553099599395402
dpm_fast,10,19.92775588460961
dpm_fast,10,11.223762860549535
dpm_fast,10,19.28248727760247
dpm_fast,10,12.963968100966586
dpm_fast,10,10.691617078218762
dpm_fast,10,11.657411466924298
dpm_fast,10,7.317995735563461
dpm_fast,10,13.139694392730155
dpm_fast,10,21.38336297484601
dpm_fast,10,11.007303583000738
dpm_fast,10,17.969499247353724
dpm_fast,10,15.723411759498164
dpm_fast,10,17.669534552112193
dpm_fast,10,13.107338775653883
dpm_fast,10,8.639830295651333
dpm_fast,10,18.26043374035612
dpm_fast,10,12.364377459778229
dpm_fast,10,9.878243555348437
dpm_fast,10,13.529673502769004
dpm_fast,10,15.642070156479893
dpm_fast,10,14.764437770398674
dpm_fast,10,10.561064766671402
dpm_fast,10,13.073325830993378
dpm_fast,10,11.729898027007042
dpm_fast,12,6.459999964438668
dpm_fast,12,4.3998100779711455
dpm_fast,12,5.376106710931582
dpm_fast,12,6.973861441982631
dpm_fast,12,6.462415415630408
dpm_fast,12,4.451521394607542
dpm_fast,12,4.577669362789881
dpm_fast,12,7.923918802953481
dpm_fast,12,5.681041954033904
dpm_fast,12,5.3623602614360975
dpm_fast,12,8.110125345653064
dpm_fast,12,3.2980237075414625
dpm_fast,12,3.1574070541384383
dpm_fast,12,6.933449767412609
dpm_fast,12,3.8349650382847797
dpm_fast,12,5.04994737899261
dpm_fast,12,4.200926957573371
dpm_fast,12,6.281613214722439
dpm_fast,12,5.514664936189781
dpm_fast,12,8.117905305162457
dpm_fast,12,3.4362458582283217
dpm_fast,12,4.501007895804388
dpm_fast,12,7.180186584423301
dpm_fast,12,6.735194378198902
dpm_fast,12,6.332296668031381
dpm_fast,12,6.810118150964337
dpm_fast,12,5.575663651044223
dpm_fast,12,5.017052566207511
dpm_fast,12,4.8717502031781335
dpm_fast,12,8.89390091250472
dpm_fast,12,6.256901603965591
dpm_fast,12,8.404020477594894
dpm_fast,12,8.421925011904223
dpm_fast,12,4.658518800660268
dpm_fast,12,4.734040568579871
dpm_fast,12,5.81797138211371
dpm_fast,12,5.263040771045383
dpm_fast,12,3.9797843141006517
dpm_fast,12,7.361322395030367
dpm_fast,12,5.189012065038793
dpm_fast,12,7.910515759017331
dpm_fast,12,5.1370968168385716
dpm_fast,12,10.56423806830073
dpm_fast,12,5.303423868561062
dpm_fast,12,4.7608533508709225
dpm_fast,12,5.092599235973323
dpm_fast,12,3.0011691688186
dpm_fast,12,4.335415192301315
dpm_fast,12,8.861335064062093
dpm_fast,12,4.267328139205054
dpm_fast,12,6.606834983259696
dpm_fast,12,9.488015379336794
dpm_fast,12,7.7665304114111935
dpm_fast,12,5.701615179138417
dpm_fast,12,2.9459489633972895
dpm_fast,12,10.913022469211098
dpm_fast,12,4.417359091413441
dpm_fast,12,3.7647170070959435
dpm_fast,12,5.5302722435020515
dpm_fast,12,5.598182068999717
dpm_fast,12,7.290837253491192
dpm_fast,12,3.9013478751535247
dpm_fast,12,5.255854295083901
dpm_fast,12,6.4787186754665385
dpm_fast,15,3.107343842640564
dpm_fast,15,2.376507999303821
dpm_fast,15,2.683067263375287
dpm_fast,15,3.039534239704073
dpm_fast,15,1.8820931289483414
dpm_fast,15,2.57724705069466
dpm_fast,15,2.1103386155810475
dpm_fast,15,3.976477909113645
dpm_fast,15,3.471342052138168
dpm_fast,15,2.452357646502392
dpm_fast,15,4.0564099252882935
dpm_fast,15,1.3374811928482737
dpm_fast,15,1.7224807080480722
dpm_fast,15,3.0354371855469893
dpm_fast,15,2.2590154561889437
dpm_fast,15,3.3085717185185817
dpm_fast,15,2.106553976038255
dpm_fast,15,3.0487554925406295
dpm_fast,15,3.1095256338407053
dpm_fast,15,4.074474130912212
dpm_fast,15,1.4936106792143964
dpm_fast,15,2.2284261525756026
dpm_fast,15,3.3357061738166154
dpm_fast,15,3.78897055801721
dpm_fast,15,2.9304433327144888
dpm_fast,15,3.3043529964175478
dpm_fast,15,2.6558242242122283
dpm_fast,15,2.8071977603820266
dpm_fast,15,1.8943133311820495
dpm_fast,15,3.086501066953069
dpm_fast,15,3.7574059067892196
dpm_fast,15,5.721734016876881
dpm_fast,15,5.461814157398384
dpm_fast,15,2.6682525821780776
dpm_fast,15,2.42813960462754
dpm_fast,15,2.743830543677914
dpm_fast,15,2.5296931380420142
dpm_fast,15,1.8276106002459533
dpm_fast,15,3.4438602537067187
dpm_fast,15,2.8909516061965306
dpm_fast,15,4.090988881733734
dpm_fast,15,2.792246597166468
dpm_fast,15,6.775524081655701
dpm_fast,15,2.635664828625548
dpm_fast,15,3.146572750217047
dpm_fast,15,2.353602293622125
dpm_fast,15,1.8323835380619697
dpm_fast,15,2.0347017318772265
dpm_fast,15,4.050677318649065
dpm_fast,15,2.2585371617945422
dpm_fast,15,3.2878950255652177
dpm_fast,15,6.57784719935052
dpm_fast,15,3.6546101711995926
dpm_fast,15,2.8231913770101795
dpm_fast,15,1.931301177797089
dpm_fast,15,8.22101593987605
dpm_fast,15,2.4080647208182095
dpm_fast,15,2.3158567644331662
dpm_fast,15,3.719259767834206
dpm_fast,15,2.7539659420957507
dpm_fast,15,4.403261363578982
dpm_fast,15,2.0967403023143314
dpm_fast,15,2.645290704156492
dpm_fast,15,2.1572029788570752
dpm_fast,20,1.7709585170274629
dpm_fast,20,1.3345738661652888
dpm_fast,20,1.4335420947224955
dpm_fast,20,1.8762315788499317
dpm_fast,20,2.978117933533949
dpm_fast,20,1.321869619443071
dpm_fast,20,1.025468327034021
dpm_fast,20,1.8783175844977886
dpm_fast,20,1.9194631655649599
dpm_fast,20,1.9075977102339254
dpm_fast,20,3.224700759073957
dpm_fast,20,0.8703664116334863
dpm_fast,20,0.8283822116262846
dpm_fast,20,1.7687195883414881
dpm_fast,20,1.6340731455670174
dpm_fast,20,2.2810906088114087
dpm_fast,20,1.1342673898448243
dpm_fast,20,1.7443444563839257
dpm_fast,20,1.8305684203039538
dpm_fast,20,2.118265871927242
dpm_fast,20,1.3802555737106554
dpm_fast,20,1.4542504891212098
dpm_fast,20,2.58998285726875
dpm_fast,20,1.7443963064933479
dpm_fast,20,1.9229625384291225
dpm_fast,20,2.6615817230563983
dpm_fast,20,1.5575554709500399
dpm_fast,20,1.9892216781935579
dpm_fast,20,1.4220894853252632
dpm_fast,20,2.4892475528605105
dpm_fast,20,2.080644035393816
dpm_fast,20,4.793209142021364
dpm_fast,20,2.3853966623536142
dpm_fast,20,2.1178346909117995
dpm_fast,20,1.161918966815731
dpm_fast,20,1.7338682768715257
dpm_fast,20,1.371546872275497
dpm_fast,20,0.9703942190808019
dpm_fast,20,2.2179186027262685
dpm_fast,20,1.8914673774498687
dpm_fast,20,2.859308883111525
dpm_fast,20,1.7105227847400692
dpm_fast,20,5.867452745775423
dpm_fast,20,1.760031149811905
dpm_fast,20,1.786573842424988
dpm_fast,20,1.4254978643383127
dpm_fast,20,0.8517631705592599
dpm_fast,20,1.2531686874745902
dpm_fast,20,2.4881621875372657
dpm_fast,20,1.2253776970951056
dpm_fast,20,1.969831144892937
dpm_fast,20,5.380943468270669
dpm_fast,20,2.2091318058235028
dpm_fast,20,1.5236123428801254
dpm_fast,20,0.8141720451229267
dpm_fast,20,7.3485021083166835
dpm_fast,20,1.2773045541945212
dpm_fast,20,1.1086618593432964
dpm_fast,20,3.1032626544518873
dpm_fast,20,2.1238955036973697
dpm_fast,20,2.945677838672813
dpm_fast,20,0.989118863527814
dpm_fast,20,1.482547541090364
dpm_fast,20,1.332875230773863
dpm_fast,30,0.3251016044436922
dpm_fast,30,0.2263473618071264
dpm_fast,30,0.2914803206384306
dpm_fast,30,0.2597214359986236
dpm_fast,30,0.8254243737014153
dpm_fast,30,0.23834597292601092
dpm_fast,30,0.231300783083302
dpm_fast,30,0.39053600046440157
dpm_fast,30,0.22087074439881865
dpm_fast,30,0.20971245298003302
dpm_fast,30,0.3703916292240918
dpm_fast,30,0.22349466030569315
dpm_fast,30,0.22296325879246204
dpm_fast,30,0.2490817641193321
dpm_fast,30,0.5104128342672166
dpm_fast,30,0.7284223483907007
dpm_fast,30,0.25013792875404034
dpm_fast,30,0.25373187920874146
dpm_fast,30,0.33712430932503124
dpm_fast,30,0.2654404785924932
dpm_fast,30,0.27393683762092924
dpm_fast,30,0.19409722640008897
dpm_fast,30,0.4957705679145609
dpm_fast,30,0.651228312945573
dpm_fast,30,0.2765397631831265
dpm_fast,30,0.4508328550036099
dpm_fast,30,0.2789631094078257
dpm_fast,30,0.1927974492601161
dpm_fast,30,0.45237970230757346
dpm_fast,30,0.2876689310340605
dpm_fast,30,0.3904998521720039
dpm_fast,30,0.4321087895400685
dpm_fast,30,0.8058456719674213
dpm_fast,30,0.43969814462826734
dpm_fast,30,0.16269845574184255
dpm_fast,30,0.2390265039583964
dpm_fast,30,0.3085976840184216
dpm_fast,30,0.17124332097193304
dpm_fast,30,0.2653615095323358
dpm_fast,30,0.5515889238196044
dpm_fast,30,0.660148650255656
dpm_fast,30,0.2614737989716607
dpm_fast,30,0.44852686970121325
dpm_fast,30,0.43073896199544376
dpm_fast,30,0.563115523385816
dpm_fast,30,0.212741460248188
dpm_fast,30,0.2092429701884134
dpm_fast,30,0.14052085868324937
dpm_fast,30,0.3319837748787778
dpm_fast,30,0.3282060609159993
dpm_fast,30,0.26080531008398733
dpm_fast,30,0.760276028755403
dpm_fast,30,0.2837608004158135
dpm_fast,30,0.22386151355249087
dpm_fast,30,0.23729945017630846
dpm_fast,30,0.9379286057346079
dpm_fast,30,0.31275103810321975
dpm_fast,30,0.23689627806816757
dpm_fast,30,0.5246790125883044
dpm_fast,30,0.476871501976143
dpm_fast,30,0.5233554436428456
dpm_fast,30,0.22588599984181704
dpm_fast,30,0.18055019645072712
dpm_fast,30,0.3039015765150544
dpm_fast,50,0.1254109141860672
dpm_fast,50,0.10312736894127171
dpm_fast,50,0.08247016072949437
dpm_fast,50,0.07030853099129357
dpm_fast,50,0.2033334267108894
dpm_fast,50,0.14310708652043014
dpm_fast,50,0.13615503692455236
dpm_fast,50,0.15647896311319862
dpm_fast,50,0.1299095207262679
dpm_fast,50,0.14447867187335245
dpm_fast,50,0.11765016482890826
dpm_fast,50,0.12081056296677498
dpm_fast,50,0.09080936575012741
dpm_fast,50,0.10153352844803064
dpm_fast,50,0.18433172899756362
dpm_fast,50,0.4724452267227526
dpm_fast,50,0.20781299428578143
dpm_fast,50,0.14825079253874704
dpm_fast,50,0.2288864789652921
dpm_fast,50,0.1153618463827132
dpm_fast,50,0.14872510860529387
dpm_fast,50,0.12283489439329921
dpm_fast,50,0.30544162267965325
dpm_fast,50,0.18974797808838312
dpm_fast,50,0.08217834615751334
dpm_fast,50,0.10056539956203246
dpm_fast,50,0.139959983453129
dpm_fast,50,0.16162901314716374
dpm_fast,50,0.1974596206260814
dpm_fast,50,0.1298637602220283
dpm_fast,50,0.1322153240670425
dpm_fast,50,0.17019799753762535
dpm_fast,50,0.17304043584425438
dpm_fast,50,0.25044127046532955
dpm_fast,50,0.11471063324201623
dpm_fast,50,0.11173169369482408
dpm_fast,50,0.11773649746907706
dpm_fast,50,0.12554540790835414
dpm_fast,50,0.07471916248059372
dpm_fast,50,0.13580300205689477
dpm_fast,50,0.15873183433021362
dpm_fast,50,0.20439908318905053
dpm_fast,50,0.1339685522810185
dpm_fast,50,0.17445203573921048
dpm_fast,50,0.13453952780822412
dpm_fast,50,0.075561414903926
dpm_fast,50,0.1187247463119986
dpm_fast,50,0.11739926026332971
dpm_fast,50,0.09211268515163959
dpm_fast,50,0.15800658801976766
dpm_fast,50,0.11992064951987266
dpm_fast,50,0.11408218632543535
dpm_fast,50,0.05619003770069918
dpm_fast,50,0.09514206281140387
dpm_fast,50,0.09367133152495875
dpm_fast,50,0.3123767814756374
dpm_fast,50,0.06528419789866073
dpm_fast,50,0.1288298437413795
dpm_fast,50,0.2204461737224102
dpm_fast,50,0.16832975125537686
dpm_fast,50,0.299055936882147
dpm_fast,50,0.12459234632306145
dpm_fast,50,0.05652664856455454
dpm_fast,50,0.1464362424468945
dpm_fast,80,0.1749171597697946
dpm_fast,80,0.08711915653683114
dpm_fast,80,0.20901833125683067
dpm_fast,80,0.18790119435761118
dpm_fast,80,0.3238374467098324
dpm_fast,80,0.16165726363800942
dpm_fast,80,0.11342385470659343
dpm_fast,80,0.2602955169782024
dpm_fast,80,0.0905301947032532
dpm_fast,80,0.13879386798095464
dpm_fast,80,0.18097657834086833
dpm_fast,80,0.31504173566620114
dpm_fast,80,0.05069011207872289
dpm_fast,80,0.2379441171252723
dpm_fast,80,0.27264516323311433
dpm_fast,80,0.21396667146105672
dpm_fast,80,0.21979388589149346
dpm_fast,80,0.22560047258913213
dpm_fast,80,0.20338404855124192
dpm_fast,80,0.28625677361639
dpm_fast,80,0.2740872444301236
dpm_fast,80,0.16899012539453362
dpm_fast,80,0.11463251609391958
dpm_fast,80,0.17838469496863196
dpm_fast,80,0.10594711473949306
dpm_fast,80,0.39820522179579176
dpm_fast,80,0.2209692229014818
dpm_fast,80,0.13084842498384597
dpm_fast,80,0.12550348514438728
dpm_fast,80,0.20009405338495673
dpm_fast,80,0.1688932619982686
dpm_fast,80,0.6437156501106668
dpm_fast,80,0.4355230363753283
dpm_fast,80,0.15778453251259367
dpm_fast,80,0.09902634457009778
dpm_fast,80,0.12864425279072364
dpm_fast,80,0.11838663405807409
dpm_fast,80,0.13265636407731432
dpm_fast,80,0.16710306092610716
dpm_fast,80,0.18846084432186017
dpm_fast,80,0.22547381663457539
dpm_fast,80,0.16750857434622923
dpm_fast,80,0.24434244848950787
dpm_fast,80,0.17744541730717348
dpm_fast,80,0.17436140415625562
dpm_fast,80,0.08714526836001678
dpm_fast,80,0.19755261631866478
dpm_fast,80,0.1603758240791824
dpm_fast,80,0.23635710090440493
dpm_fast,80,0.12353521749396681
dpm_fast,80,0.14810213364833746
dpm_fast,80,0.3583144950299103
dpm_fast,80,0.22846978403540721
dpm_fast,80,0.16326894323575336
dpm_fast,80,0.12404240566637433
dpm_fast,80,0.20241357575848978
dpm_fast,80,0.08565566522312842
dpm_fast,80,0.15777468310175252
dpm_fast,80,0.1543678404171149
dpm_fast,80,0.08311884347957438
dpm_fast,80,0.22857638034724875
dpm_fast,80,0.1493173188379979
dpm_fast,80,0.1175789542775845
dpm_fast,80,0.10877858651881937
dpm_fast,120,0.04293469629503188
dpm_fast,120,0.030082375365578444
dpm_fast,120,0.055913850005649655
dpm_fast,120,0.05015561800463391
dpm_fast,120,0.13882078235957418
dpm_fast,120,0.06364471410164765
dpm_fast,120,0.02790816663941514
dpm_fast,120,0.08087676312974222
dpm_fast,120,0.06009837435324624
dpm_fast,120,0.05647464115179787
dpm_fast,120,0.06642390107711942
dpm_fast,120,0.14529652867085666
dpm_fast,120,0.042782740845801276
dpm_fast,120,0.0703112051357364
dpm_fast,120,0.13704415242547438
dpm_fast,120,0.07968954456430993
dpm_fast,120,0.09639244487294646
dpm_fast,120,0.0827148342736671
dpm_fast,120,0.052990220807988715
dpm_fast,120,0.08056372702824782
dpm_fast,120,0.1313261498021795
dpm_fast,120,0.05862816519683017
dpm_fast,120,0.03714908508661824
dpm_fast,120,0.053944933656555116
dpm_fast,120,0.024007364491838847
dpm_fast,120,0.1334774981931275
dpm_fast,120,0.08123728222800294
dpm_fast,120,0.03000932193590404
dpm_fast,120,0.07092111239907153
dpm_fast,120,0.060406656685111505
dpm_fast,120,0.04098636114728412
dpm_fast,120,0.26126031393089183
dpm_fast,120,0.18311952474123833
dpm_fast,120,0.06610001032953804
dpm_fast,120,0.023931295513397306
dpm_fast,120,0.03173286346325759
dpm_fast,120,0.035053238568724616
dpm_fast,120,0.044636011436676074
dpm_fast,120,0.04278717883170029
dpm_fast,120,0.07184490854870318
dpm_fast,120,0.06695020877919804
dpm_fast,120,0.06568434720813272
dpm_fast,120,0.2089061700722232
dpm_fast,120,0.06947954115037486
dpm_fast,120,0.06148112777092019
dpm_fast,120,0.023937749194143394
dpm_fast,120,0.09075173641464639
dpm_fast,120,0.0640947935737394
dpm_fast,120,0.07102483572772392
dpm_fast,120,0.03956563624875879
dpm_fast,120,0.03727562814686642
dpm_fast,120,0.0777152672957733
dpm_fast,120,0.06541735459872983
dpm_fast,120,0.03695484708827524
dpm_fast,120,0.058656323687667634
dpm_fast,120,0.07843933655267518
dpm_fast,120,0.035844142055703895
dpm_fast,120,0.07489586269937684
dpm_fast,120,0.04212010123687963
dpm_fast,120,0.04867026373557
dpm_fast,120,0.10471367555413819
dpm_fast,120,0.041413345145440976
dpm_fast,120,0.025535078441190982
dpm_fast,120,0.06586897568543593
rk2_t,10,4.447550391354227
rk2_t,10,4.212866858700212
rk2_t,10,4.92595076249064
rk2_t,10,4.96288977718323
rk2_t,10,12.03748835945122
rk2_t,10,5.181184152884463
rk2_t,10,4.504973937170825
rk2_t,10,5.993141676009395
rk2_t,10,6.393607298270119
rk2_t,10,4.378641785701378
rk2_t,10,6.981850799735566
rk2_t,10,6.632724830047364
rk2_t,10,3.7968423691666984
rk2_t,10,5.208256984099844
rk2_t,10,4.390295086173951
rk2_t,10,7.234146995133383
rk2_t,10,6.914849174085928
rk2_t,10,6.610549852178264
rk2_t,10,8.501602212524707
rk2_t,10,5.345189942223852
rk2_t,10,5.411075948344068
rk2_t,10,5.110532436243518
rk2_t,10,4.139557472481066
rk2_t,10,5.668436606702761
rk2_t,10,4.413055996255407
rk2_t,10,9.87129760245207
rk2_t,10,5.981244886906227
rk2_t,10,4.583355169402473
rk2_t,10,4.9175150498589195
rk2_t,10,4.487071118258881
rk2_t,10,4.418716827605797
rk2_t,10,6.916542520130244
rk2_t,10,4.05332167497703
rk2_t,10,5.020179770702802
rk2_t,10,3.8155492758385408
rk2_t,10,4.916693137306794
rk2_t,10,3.758113558274472
rk2_t,10,4.8138445344715235
rk2_t,10,4.156954622746117
rk2_t,10,6.3824934819607675
rk2_t,10,4.792631423887215
rk2_t,10,5.209069466394992
rk2_t,10,7.70572673246484
rk2_t,10,6.061218209519203
rk2_t,10,4.937968192070316
rk2_t,10,3.7120243757686997
rk2_t,10,5.680909839334314
rk2_t,10,4.675887112961559
rk2_t,10,5.291975555391326
rk2_t,10,4.456950533481579
rk2_t,10,4.091987959920193
rk2_t,10,4.024805652111563
rk2_t,10,7.162913030922524
rk2_t,10,4.0751532835181585
rk2_t,10,4.1258681054016195
rk2_t,10,7.9826809194142605
rk2_t,10,3.7885869665041874
rk2_t,10,4.87404231770092
rk2_t,10,5.2809420910664295
rk2_t,10,4.063457092250263
rk2_t,10,5.84963008100395
rk2_t,10,4.132245515011738
rk2_t,10,3.7694769034214595
rk2_t,10,4.145203545195547
rk2_t,12,3.559895887576332
rk2_t,12,3.0701844229697848
rk2_t,12,3.941882362143924
rk2_t,12,3.928210403824534
rk2_t,12,10.187184356405426
rk2_t,12,4.001475948445229
rk2_t,12,3.24057477100858
rk2_t,12,4.8881251906194425
rk2_t,12,5.517769640714369
rk2_t,12,3.390324444808318
rk2_t,12,5.860573252090941
rk2_t,12,5.448798533947538
rk2_t,12,2.562136245035041
rk2_t,12,4.1050386121055205
rk2_t,12,3.3050165584226487
rk2_t,12,4.944024500001611
rk2_t,12,5.55072797367119
rk2_t,12,5.408978574869166
rk2_t,12,7.386649550056869
rk2_t,12,4.471112063168774
rk2_t,12,4.39536380726509
rk2_t,12,3.990625460554674
rk2_t,12,3.1069637884049572
rk2_t,12,4.082900892589637
rk2_t,12,3.4101990241473312
rk2_t,12,8.172093822815272
rk2_t,12,4.781213410732994
rk2_t,12,3.620366233000674
rk2_t,12,3.377567012454736
rk2_t,12,3.4621675145857917
rk2_t,12,3.529205477823052
rk2_t,12,5.993938859068255
rk2_t,12,3.2321896205233154
rk2_t,12,4.138356822734892
rk2_t,12,2.9024271368902808
rk2_t,12,3.547513646061424
rk2_t,12,2.966450742540404
rk2_t,12,3.6231213226488923
rk2_t,12,3.19292450314947
rk2_t,12,4.3913053798178225
rk2_t,12,4.026565537543764
rk2_t,12,4.271642760862311
rk2_t,12,6.5926040677846895
rk2_t,12,4.86578843652381
rk2_t,12,3.9992463270137066
rk2_t,12,2.85746285093723
rk2_t,12,4.686389007453744
rk2_t,12,3.595073505542526
rk2_t,12,4.337316692531428
rk2_t,12,3.585050859097517
rk2_t,12,3.220520628112317
rk2_t,12,3.3564559545121972
rk2_t,12,4.9247207389009855
rk2_t,12,3.2195436856527504
rk2_t,12,3.291130120716013
rk2_t,12,7.310705312511049
rk2_t,12,2.7576901351930365
rk2_t,12,3.884137871796202
rk2_t,12,4.507158730305764
rk2_t,12,3.067600047276399
rk2_t,12,4.977022326754744
rk2_t,12,3.192040436245041
rk2_t,12,2.9632661903186626
rk2_t,12,3.3332421414362567
rk2_t,14,2.5597321845961996
rk2_t,14,2.1526529421852385
rk2_t,14,2.757455944858617
rk2_t,14,2.868545713819377
rk2_t,14,8.684375577734638
rk2_t,14,2.9661903924647635
rk2_t,14,2.3203121562243862
rk2_t,14,3.3928920130806035
rk2_t,14,4.874323050066383
rk2_t,14,2.4920348505151373
rk2_t,14,4.486846985336936
rk2_t,14,3.888472425596272
rk2_t,14,1.9335949321009671
rk2_t,14,2.9206021957813975
rk2_t,14,2.4411786129186854
rk2_t,14,5.070448074668283
rk2_t,14,3.971442001907477
rk2_t,14,4.087683604873458
rk2_t,14,5.288018451288517
rk2_t,14,3.3242882584373237
rk2_t,14,3.178463591289679
rk2_t,14,2.9177023401833595
rk2_t,14,2.5248763474060283
rk2_t,14,3.0850383037976457
rk2_t,14,2.5781234895341374
rk2_t,14,5.929303846919257
rk2_t,14,3.272048071989182
rk2_t,14,2.881157537777663
rk2_t,14,2.7989985243349866
rk2_t,14,2.3886189854963455
rk2_t,14,2.6262981908621366
rk2_t,14,4.343698807572044
rk2_t,14,2.3598544464389444
rk2_t,14,3.2194926860078286
rk2_t,14,2.1456226358722548
rk2_t,14,2.494995968184352
rk2_t,14,2.1995356878735763
rk2_t,14,2.5353182219256887
rk2_t,14,2.1981109725353214
rk2_t,14,2.7027144634829265
rk2_t,14,3.029841938101974
rk2_t,14,3.1175630964119754
rk2_t,14,5.625904943186798
rk2_t,14,3.6557549585841804
rk2_t,14,2.934268617119019
rk2_t,14,2.168223101363414
rk2_t,14,3.540254957664012
rk2_t,14,2.5472494384663533
rk2_t,14,3.231981744718321
rk2_t,14,2.600606636552218
rk2_t,14,2.2915677595741224
rk2_t,14,2.489437099472476
rk2_t,14,3.267364797695324
rk2_t,14,2.2472153479699264
rk2_t,14,2.4606459203583233
rk2_t,14,5.856683835045825
rk2_t,14,1.9883837568318357
rk2_t,14,2.811455779677833
rk2_t,14,3.8239026933663904
rk2_t,14,2.3993988890680127
rk2_t,14,3.695692239240313
rk2_t,14,2.180807097903454
rk2_t,14,2.1806556473835133
rk2_t,14,2.561239758347348
rk2_t,20,1.4400671224810622
rk2_t,20,1.1532059922436462
rk2_t,20,1.5779441237051597
rk2_t,20,1.7061679091104913
rk2_t,20,5.941989173303503
rk2_t,20,1.7481866581155145
rk2_t,20,1.2477302565540187
rk2_t,20,2.0355728580264665
rk2_t,20,3.29973164040579
rk2_t,20,1.4498397001020613
rk2_t,20,2.249003820826072
rk2_t,20,2.515638519650179
rk2_t,20,0.9338238164751673
rk2_t,20,1.7572491537151715
rk2_t,20,1.3054282312167456
rk2_t,20,2.128135485230913
rk2_t,20,2.318306445169339
rk2_t,20,2.4012626432477115
rk2_t,20,3.057519867499706
rk2_t,20,2.0449614027183984
rk2_t,20,1.7954030712279023
rk2_t,20,1.713110912670009
rk2_t,20,1.3144454522634215
rk2_t,20,1.674234332550469
rk2_t,20,1.4894843212452051
rk2_t,20,3.466480647545479
rk2_t,20,1.8338062301885578
rk2_t,20,1.910760121982443
rk2_t,20,1.4528696690820395
rk2_t,20,1.3230837481202784
rk2_t,20,1.5425380889077285
rk2_t,20,2.761472545424516
rk2_t,20,1.4467756810650783
rk2_t,20,1.841542915670457
rk2_t,20,1.2374695302554817
rk2_t,20,1.3233222510784974
rk2_t,20,1.2839286920318886
rk2_t,20,1.3674173038515947
rk2_t,20,1.186539396863974
rk2_t,20,1.4270471340440491
rk2_t,20,1.9779723605023731
rk2_t,20,1.7846909433929528
rk2_t,20,1.8765523556494488
rk2_t,20,2.1076252527315247
rk2_t,20,1.6096755360679598
rk2_t,20,1.250805633594373
rk2_t,20,2.043038341440172
rk2_t,20,1.4736815944639827
rk2_t,20,2.003099878272682
rk2_t,20,1.5104118032522547
rk2_t,20,1.2881403628537549
rk2_t,20,1.5354636438969693
rk2_t,20,1.8580605697719894
rk2_t,20,1.2889632256782744
rk2_t,20,1.4019675477984885
rk2_t,20,1.9385881271308654
rk2_t,20,1.0017829295779632
rk2_t,20,1.581299934813133
rk2_t,20,2.85417979883255
rk2_t,20,1.2831041125748421
rk2_t,20,2.189966200465085
rk2_t,20,1.1837167475107313
rk2_t,20,1.2275733380188516
rk2_t,20,1.5520764490565802
rk2_t,30,0.7945420287529232
rk2_t,30,0.6967836548037906
rk2_t,30,0.794571454956738
rk2_t,30,0.9777305652341723
rk2_t,30,2.4374075982540004
rk2_t,30,0.9671591651566765
rk2_t,30,0.7338047784026709
rk2_t,30,1.0322293265418032
rk2_t,30,1.2090823961142776
rk2_t,30,0.8743694941753493
rk2_t,30,1.0175514511064212
rk2_t,30,1.1932146824227479
rk2_t,30,0.5824543772476065
rk2_t,30,0.9526148582211713
rk2_t,30,0.7366035993183415
rk2_t,30,0.9459036544152921
rk2_t,30,1.1671647437651682
rk2_t,30,1.2122051489715127
rk2_t,30,1.4465626201546045
rk2_t,30,1.1183607586155424
rk2_t,30,1.0017471572052248
rk2_t,30,0.9393778532788495
rk2_t,30,0.8139045901345974
rk2_t,30,0.9566135039013788
rk2_t,30,0.8830019015005569
rk2_t,30,1.6914705426642629
rk2_t,30,0.9428267201024882
rk2_t,30,0.9359323174868552
rk2_t,30,0.8693439076118297
rk2_t,30,0.6713817733634534
rk2_t,30,0.9557091155459058
rk2_t,30,1.339176511974802
rk2_t,30,0.8754190047663994
rk2_t,30,1.0674275310206187
rk2_t,30,0.734453696490901
rk2_t,30,0.6939561986219511
rk2_t,30,0.8661878358655285
rk2_t,30,0.732848290889154
rk2_t,30,0.6067839648419175
rk2_t,30,0.7319832543422936
rk2_t,30,1.096756416442182
rk2_t,30,0.941647083233415
rk2_t,30,0.9215510843658306
rk2_t,30,1.0976357875456448
rk2_t,30,0.8895195831762704
rk2_t,30,0.8075432985789529
rk2_t,30,1.0879687137295915
rk2_t,30,0.8719104416750691
rk2_t,30,1.0670713942963512
rk2_t,30,0.9177298474573083
rk2_t,30,0.7141338733261932
rk2_t,30,0.9464591793079903
rk2_t,30,0.9542279510680813
rk2_t,30,0.7040034409646814
rk2_t,30,0.8316123194414687
rk2_t,30,0.9622925768350853
rk2_t,30,0.5806198752957156
rk2_t,30,0.9043587868119357
rk2_t,30,1.2524117029691932
rk2_t,30,0.8271971823334194
rk2_t,30,1.1862816001961198
rk2_t,30,0.6696225706986546
rk2_t,30,0.7638307048858788
rk2_t,30,1.0171112884707176
rk2_t,50,0.36937606962459607
rk2_t,50,0.34886107239753333
rk2_t,50,0.39276452896391
rk2_t,50,0.41225116476221674
rk2_t,50,0.8238716387893371
rk2_t,50,0.43687469569346954
rk2_t,50,0.33048868626724354
rk2_t,50,0.4627237639766346
rk2_t,50,0.4301876205335974
rk2_t,50,0.4108385605733398
rk2_t,50,0.4148103760025913
rk2_t,50,0.4840724920399129
rk2_t,50,0.2951321567436986
rk2_t,50,0.4022726547470974
rk2_t,50,0.3481473551323617
rk2_t,50,0.3585784413271514
rk2_t,50,0.5267354287768267
rk2_t,50,0.5395354862213011
rk2_t,50,0.5905146005412338
rk2_t,50,0.5008359178248815
rk2_t,50,0.4413543387329058
rk2_t,50,0.4027304884586231
rk2_t,50,0.40495895590888675
rk2_t,50,0.39848825283265965
rk2_t,50,0.37482380175866
rk2_t,50,0.7811565003662824
rk2_t,50,0.4715309221304242
rk2_t,50,0.38699195847218587
rk2_t,50,0.3991661641566473
rk2_t,50,0.3350071208107239
rk2_t,50,0.42075073864289664
rk2_t,50,0.6099357179916199
rk2_t,50,0.35112788293055214
rk2_t,50,0.47884627525918216
rk2_t,50,0.34535793597242515
rk2_t,50,0.3356445676138063
rk2_t,50,0.36944653747539924
rk2_t,50,0.3496435326369927
rk2_t,50,0.3458352223050114
rk2_t,50,0.36745345549453623
rk2_t,50,0.5145182255277653
rk2_t,50,0.4465333291316304
rk2_t,50,0.3982095065901994
rk2_t,50,0.504534562561495
rk2_t,50,0.37044996902886157
rk2_t,50,0.3228478029228363
rk2_t,50,0.4760875418754891
rk2_t,50,0.4370092875035312
rk2_t,50,0.45475592715906343
rk2_t,50,0.41605124271485294
rk2_t,50,0.3648533854277656
rk2_t,50,0.3990636030402772
rk2_t,50,0.39977976733388276
rk2_t,50,0.34898219224018645
rk2_t,50,0.3419861145842689
rk2_t,50,0.41623534227916115
rk2_t,50,0.24776682433226838
rk2_t,50,0.4274400718509487
rk2_t,50,0.443397481707002
rk2_t,50,0.375308301690942
rk2_t,50,0.5478819013687628
rk2_t,50,0.30394888017645066
rk2_t,50,0.32585331652432953
rk2_t,50,0.42645010489763246
rk2_t,80,0.255474898722033
rk2_t,80,0.21089418645041122
rk2_t,80,0.21835099934278648
rk2_t,80,0.26611142743855654
rk2_t,80,0.31344818583469564
rk2_t,80,0.23770168738974656
rk2_t,80,0.20022015249281433
rk2_t,80,0.24363883059834376
rk2_t,80,0.2081357794431155
rk2_t,80,0.2649984155967488
rk2_t,80,0.20565863194021522
rk2_t,80,0.3308753129357894
rk2_t,80,0.2177270719731398
rk2_t,80,0.24826009140926092
rk2_t,80,0.22080665022307253
rk2_t,80,0.23515536240113982
rk2_t,80,0.26335048912938064
rk2_t,80,0.26642211167345287
rk2_t,80,0.34227347852522805
rk2_t,80,0.2631257811514233
rk2_t,80,0.2924068274743722
rk2_t,80,0.25050088974525225
rk2_t,80,0.20960690615389319
rk2_t,80,0.2654908759604727
rk2_t,80,0.23783107504620812
rk2_t,80,0.29235502467796237
rk2_t,80,0.23999144995158447
rk2_t,80,0.20544563901815108
rk2_t,80,0.24224710116672693
rk2_t,80,0.19264939906975762
rk2_t,80,0.2899469347964353
rk2_t,80,0.3473564790510784
rk2_t,80,0.3011185444756158
rk2_t,80,0.22440100820859915
rk2_t,80,0.24856548593449246
rk2_t,80,0.19414208705689823
rk2_t,80,0.33257585632967207
rk2_t,80,0.20996367970217789
rk2_t,80,0.1868683833134368
rk2_t,80,0.20795340704173632
rk2_t,80,0.24735921895286775
rk2_t,80,0.26085505470670783
rk2_t,80,0.2232602222612193
rk2_t,80,0.2409606142584126
rk2_t,80,0.24223165344407632
rk2_t,80,0.2533854658667013
rk2_t,80,0.27690268301097887
rk2_t,80,0.28714083498063064
rk2_t,80,0.270849741905534
rk2_t,80,0.2882937904724852
rk2_t,80,0.21442731575591165
rk2_t,80,0.2821176477594541
rk2_t,80,0.2482685230016444
rk2_t,80,0.22178171524859722
rk2_t,80,0.24165345597546534
rk2_t,80,0.24392454755259196
rk2_t,80,0.15352553034822872
rk2_t,80,0.26083123738098635
rk2_t,80,0.260805848112353
rk2_t,80,0.2511654310648267
rk2_t,80,0.25971375257628726
rk2_t,80,0.21164089800390096
rk2_t,80,0.23272443441440843
rk2_t,80,0.31555162660157954
rk2_t,120,0.11142754481800024
rk2_t,120,0.10688576990749213
rk2_t,120,0.10791729659316363
rk2_t,120,0.11320720256388632
rk2_t,120,0.16036780998114752
rk2_t,120,0.11753542445349599
rk2_t,120,0.10072771428549022
rk2_t,120,0.11722138730976185
rk2_t,120,0.12379045586545187
rk2_t,120,0.1394438764430791
rk2_t,120,0.08966221652036238
rk2_t,120,0.14840439772035727
rk2_t,120,0.10359631549459151
rk2_t,120,0.11381617433887684
rk2_t,120,0.11457571408218402
rk2_t,120,0.08983218812015864
rk2_t,120,0.13273517379479674
rk2_t,120,0.11780059828381707
rk2_t,120,0.15340712258506853
rk2_t,120,0.1310917820239769
rk2_t,120,0.14414391548181005
rk2_t,120,0.1101608158918814
rk2_t,120,0.10364512296851464
rk2_t,120,0.10961807277369483
rk2_t,120,0.10016471564519948
rk2_t,120,0.13341946996514017
rk2_t,120,0.12162014023412945
rk2_t,120,0.10417996987790194
rk2_t,120,0.11967111541306948
rk2_t,120,0.1098133554979135
rk2_t,120,0.11323791686036469
rk2_t,120,0.14042089149492704
rk2_t,120,0.11987898193804326
rk2_t,120,0.11603062407815447
rk2_t,120,0.12459190869506911
rk2_t,120,0.10188065929484592
rk2_t,120,0.12827142954155166
rk2_t,120,0.10981002610145803
rk2_t,120,0.1105021403279123
rk2_t,120,0.10502562272370203
rk2_t,120,0.1297748923841849
rk2_t,120,0.13720277582325294
rk2_t,120,0.11078456908057514
rk2_t,120,0.12264802239005732
rk2_t,120,0.10738325204462768
rk2_t,120,0.10046681304578431
rk2_t,120,0.12340435091862897
rk2_t,120,0.13874084177101206
rk2_t,120,0.11917447500093202
rk2_t,120,0.12125969206947385
rk2_t,120,0.10197061179864324
rk2_t,120,0.11905911585547703
rk2_t,120,0.11417433768631285
rk2_t,120,0.11442948766035599
rk2_t,120,0.0979505681317753
rk2_t,120,0.09798771797457345
rk2_t,120,0.07571651641207297
rk2_t,120,0.12155891096476863
rk2_t,120,0.11183449530839212
rk2_t,120,0.11736839999764685
rk2_t,120,0.11780246290073242
rk2_t,120,0.09823601315012105
rk2_t,120,0.10208322741592848
rk2_t,120,0.13090258597076398
