config,nfe,n_samples,fid,method,budget,paper_fid,l2_batch,gray_median,fid_minus_floor,rank_fid,rank_paper,rank_l2
ddim_quad,10,5000,39.542810017000306,clean-fid CIFAR-10 train stats,10,13.58,91.91400982487009,25.837795142404733,33.689476683666975,3.0,3.0,3.0
ddim_quad,20,5000,25.09739150039576,clean-fid CIFAR-10 train stats,20,6.94,49.77138775127568,13.855343949725746,19.244058167062423,5.0,4.0,6.0
dpm1,10,5000,44.908801771922754,clean-fid CIFAR-10 train stats,10,16.69,78.37224523389185,21.87680343050607,39.05546843858942,4.0,4.0,2.0
dpm1,20,5000,27.013837099024613,clean-fid CIFAR-10 train stats,20,8.9,46.28820645556075,12.159812136897264,21.160503765691278,6.0,5.0,5.0
dpm2,10,5000,24.911104055854253,clean-fid CIFAR-10 train stats,10,7.9,180.57971006350715,49.28323535443497,19.057770722520917,1.0,2.0,5.0
dpm2,20,5000,15.61017172289911,clean-fid CIFAR-10 train stats,20,5.24,27.268444727901926,7.052112523073086,9.756838389565775,1.0,1.0,4.0
dpm3,9,5000,143.26161514231785,clean-fid CIFAR-10 train stats,10,24.37,286.9856405274882,82.53013456606473,137.40828180898453,6.0,5.0,6.0
dpm3,18,5000,18.728242305066544,clean-fid CIFAR-10 train stats,20,5.43,26.38988778624225,6.388998255907234,12.874908971733209,4.0,2.0,3.0
dpm_fast,10,5000,31.2800711859648,clean-fid CIFAR-10 train stats,10,6.42,111.71773861618534,30.16384117661548,25.426737852631465,2.0,1.0,4.0
dpm_fast,20,5000,17.974882679563166,clean-fid CIFAR-10 train stats,20,5.52,18.695012956820396,4.071302322498,12.12154934622983,3.0,3.0,2.0
rk2_t,10,5000,52.904570418996286,clean-fid CIFAR-10 train stats,10,,44.40262645830968,11.32185583837749,47.051237085662954,5.0,,1.0
rk2_t,20,5000,15.713826851819531,clean-fid CIFAR-10 train stats,20,,15.612924895140484,3.6702280430322376,9.860493518486198,2.0,,1.0
